{"type":"Topology","arcs":[[[1813,331],[-36,57],[18,104],[-115,7],[-33,23],[-34,87],[-6,84],[24,103],[-10,75],[-160,29],[-43,-21],[-49,14],[-58,-18],[-23,55],[31,43],[-26,37],[-74,16],[-1,-26],[-60,18],[2,72],[-39,3],[7,95],[46,2],[-1,52],[-74,11],[-54,81],[-7,73],[-57,-10],[-27,51],[-58,4],[-110,-94],[-40,-7],[-5,-43],[-50,-30],[-73,15],[-78,-9],[-69,-36],[-2,58],[-241,6],[-90,-35],[-74,51],[18,35],[46,-19],[29,108],[-53,21],[5,103],[34,11],[-77,29],[32,46],[-72,23],[19,137],[-45,36],[31,45],[42,-91],[107,-5],[-5,56],[-30,24],[82,3],[-10,38],[-75,-26],[-54,97],[71,26],[-46,57],[-17,56],[58,53],[-21,38],[58,32],[-10,94],[-64,84],[55,20],[-37,27],[25,45],[-44,49],[84,-27],[8,52],[227,-17],[69,-30],[3,-34],[84,7],[-29,-35],[69,-12],[-1,27],[69,-8],[-3,65],[29,1],[-3,97],[57,63],[-37,38],[82,1],[119,113],[-61,89],[44,90],[-6,42],[41,5],[-12,95],[-106,-7],[-2,61],[50,37],[21,58],[-28,37],[25,66],[-19,100],[85,-15],[-56,89],[45,14],[3,80],[33,24],[-26,56],[16,48],[115,-49],[-19,75],[-5,117],[-24,202],[-51,-9],[-4,48],[90,37],[-10,77],[-45,60],[-43,-27],[-61,35],[21,49],[-73,45],[-164,22],[-51,40],[47,14],[17,104],[100,35],[0,-38],[47,-16],[6,-46],[61,-10],[57,23],[24,-43],[132,65],[39,-77],[40,33],[75,-83],[134,6],[40,-57],[-24,79],[103,-5],[59,44],[41,69],[138,-57],[5,32],[64,-22],[45,58],[87,-24],[0,-36],[42,-22],[13,-44],[102,2],[61,-17],[-11,-31],[47,-94],[-4,-109],[-76,-113],[-3,-64],[-60,-69],[-20,-91],[48,-59],[157,-68],[18,-23],[6,-125],[-10,-276],[18,-88],[5,-117],[21,-49],[67,-60],[83,-36],[2,75],[35,1],[0,51],[35,0],[7,-91],[35,-28],[90,-17],[85,-133],[22,11],[69,-77],[47,5],[51,-115],[64,-16],[5,-33],[110,-18],[-2,32],[65,-6],[104,-130],[52,-20],[37,37],[-41,78],[-1,74],[67,25],[62,-39],[75,-124],[34,-259],[116,-105],[-72,-6],[31,-86],[124,-30],[13,-46],[-51,-8],[15,-73],[-35,-13],[-57,43],[-132,-1],[-69,-57],[39,-74],[-91,-74],[-21,48],[-57,-33],[-2,-91],[49,8],[65,-153],[-33,-8],[52,-104],[-127,-21],[-22,-35],[-108,-7],[-42,-76],[38,-44],[-6,-79],[66,-120],[-53,-53],[18,-36],[115,32],[54,-84],[-34,-12],[13,-46],[-137,-36],[-70,14],[-89,-43],[-81,-11],[-31,-34],[-93,3],[12,-163],[-107,-52],[14,-36],[-63,-1],[9,-25],[-68,-39],[-5,-55],[107,-117],[-38,-8],[11,-48],[-91,-34],[-49,55],[-154,-72],[-107,-19],[25,-90],[-30,4],[12,-70],[-50,-28],[-61,-1],[-29,62],[-6,68],[-102,90],[-123,66],[-96,-49],[-65,41],[-3,41],[-41,12]]],"transform":{"scale":[0.00011330485893417156,0.00009277671957671938],"translate":[116.520073,39.593379]},"objects":{"json":{"type":"GeometryCollection","geometries":[{"arcs":[[0]],"type":"Polygon","properties":{"adcode":110112,"level":"district","name":"通州区","parent":{"adcode":110100},"childrenNum":0,"center":[116.72923,39.916403],"centroid":[116.72923,39.916403]}}]}}}