{"type":"Topology","arcs":[[[0,3653],[4,41],[32,67],[34,23],[29,74],[85,57],[14,60],[91,39],[45,80],[17,114],[57,-7],[44,29],[18,42],[36,14],[69,-7],[91,34],[41,-43],[15,-47],[28,-5],[51,37],[37,-32],[68,-12],[149,4],[52,10],[22,-30],[42,6],[10,116],[278,7],[203,51],[34,1],[-31,71],[62,-9],[-16,89],[-28,49],[-13,118],[90,32],[88,68],[1,58],[37,53],[-6,88],[97,-52],[35,7],[31,81],[111,17],[15,-133],[34,-66],[9,-130],[46,-46],[37,-1],[46,48],[103,-53],[154,-68],[187,-7],[-20,-275],[-9,-45],[-45,-8],[22,-94],[-40,-64],[0,-33],[76,-49],[95,22],[45,-38],[35,12],[17,33],[-32,62],[10,30],[72,-23],[10,-122],[-79,-46],[60,-57],[3,-33],[31,4],[4,-40],[41,5],[76,-58],[89,-222],[147,62],[74,-178],[103,-233],[43,41],[49,-44],[53,31],[1,-35],[70,23],[107,-126],[39,2],[57,51],[85,23],[21,-71],[43,7],[-9,77],[60,14],[-4,60],[35,10],[34,-25],[-3,36],[83,22],[80,-1],[2,55],[132,-9],[12,-52],[70,12],[38,-17],[12,19],[13,-89],[-57,-23],[7,-24],[-99,-21],[10,-65],[-78,-16],[31,-120],[26,3],[8,-39],[61,6],[9,-47],[115,2],[77,-29],[-7,-83],[54,-39],[15,-33],[-56,-18],[-195,-17],[-182,-44],[-188,-34],[157,-268],[200,-348],[21,-62],[49,-231],[-12,-169],[-141,-5],[-3,-10],[25,-345],[-187,-76],[-35,-7],[1,54],[-26,13],[-2,66],[-31,-9],[-12,-86],[17,-43],[-30,-18],[-93,8],[-38,-23],[-113,38],[-69,-32],[41,-67],[30,-3],[23,-293],[-3,-196],[12,-53],[-6,-79],[15,-26],[-8,-91],[27,-20],[-162,-11],[-165,0],[-30,-42],[-63,-13],[-13,-52],[-52,18],[0,-40],[-51,-3],[-36,-50],[-22,-1],[-1,178],[-175,3],[-229,-7],[-106,5],[15,13],[-95,-1],[0,338],[-45,-2],[9,39],[33,0],[-25,42],[14,20],[-74,-3],[-8,-37],[-47,-12],[-72,6],[-9,-29],[-65,1],[-21,48],[-34,-12],[-155,-16],[-52,-26],[-98,1],[1,140],[12,30],[67,5],[45,17],[3,29],[-40,4],[16,41],[28,2],[-42,37],[32,12],[11,46],[-8,90],[40,1],[2,42],[-45,3],[1,37],[-31,11],[-7,47],[-50,39],[-48,87],[-55,36],[-12,62],[-65,20],[-81,58],[0,54],[-42,2],[-27,35],[-7,142],[20,24],[-2,85],[-30,40],[-78,41],[0,-85],[-12,-27],[-92,-96],[-32,43],[-9,96],[-24,55],[-74,-56],[-49,-7],[-28,92],[-64,79],[34,28],[8,43],[100,50],[147,12],[46,104],[-39,51],[-89,67],[-33,75],[-93,78],[-19,-6],[-64,40],[-30,-13],[-63,47],[-21,39],[-45,35],[-86,36],[-62,8],[-84,-27],[-35,27],[-93,34],[-51,-14],[-75,0],[-46,25],[-54,4],[-47,-37],[-68,1],[-84,-17],[-52,41],[-33,-7],[-47,80],[4,52],[-79,152],[1,45],[-22,24],[46,130],[-2,56],[-27,14],[-60,86],[5,70],[-18,32],[-92,59],[-41,37],[-46,112],[-34,18]]],"transform":{"scale":[0.00007116546762589977,0.000054331351565596085],"translate":[116.04887300000001,39.886829]},"objects":{"json":{"type":"GeometryCollection","geometries":[{"arcs":[[0]],"type":"Polygon","properties":{"adcode":110108,"level":"district","name":"海淀区","parent":{"adcode":110100},"childrenNum":0,"center":[116.2977,39.959893],"centroid":[116.2977,39.959893]}}]}}}