{"type":"Topology","arcs":[[[4932,2265],[-10,-67],[47,-27],[23,-57],[-63,1],[-19,-52],[-59,8],[-48,-10],[-4,26],[-101,-4],[-22,-57],[23,-51],[-29,-97],[-139,-149],[-153,-128],[-76,-114],[40,-5],[-9,-74],[-39,11],[-3,-59],[15,-134],[2,-110],[-59,-89],[-53,-36],[-95,-39],[-48,53],[-56,38],[-89,5],[-111,-51],[-118,-166],[-41,-24],[-67,12],[-110,58],[-124,13],[-108,-85],[-58,-36],[-70,-96],[-143,-21],[-92,38],[-221,-88],[-31,-23],[-124,-134],[-7,-94],[45,-118],[8,-62],[-19,-51],[-28,-23],[-84,-26],[-77,-7],[-93,78],[-59,77],[-80,21],[-39,-34],[-101,-186],[-63,-20],[-152,0],[-51,32],[-28,38],[-4,92],[-38,21],[-14,-28],[-77,-42],[-36,13],[-79,-14],[-53,-35],[-2,-24],[-54,1],[5,34],[-39,-6],[-28,68],[27,17],[-4,77],[-51,-22],[-38,41],[-25,64],[27,35],[-39,54],[-47,116],[-56,32],[-23,-42],[-65,-9],[-47,68],[-23,6],[-14,64],[-46,-10],[-29,-30],[-57,-8],[-44,-32],[-16,41],[-56,20],[-149,-30],[-112,-55],[-27,14],[-65,-34],[-18,60],[6,37],[-64,63],[-34,62],[-60,21],[-18,35],[18,66],[-2,54],[35,71],[131,79],[1,39],[49,88],[-104,25],[-46,34],[-40,49],[-20,81],[30,67],[6,44],[-67,28],[-49,81],[-18,136],[14,105],[31,40],[89,38],[98,110],[74,204],[68,91],[41,1],[141,-125],[47,-21],[104,104],[128,169],[42,40],[110,28],[106,69],[40,61],[-13,26],[-5,84],[-26,70],[12,47],[46,43],[21,62],[40,46],[-31,62],[6,31],[-35,50],[0,58],[-33,41],[21,76],[69,-3],[114,11],[27,60],[99,84],[19,101],[22,9],[-10,68],[-50,-10],[-25,40],[-126,-12],[-39,59],[-67,-5],[-45,43],[-55,8],[-26,29],[-9,75],[8,33],[-20,53],[21,40],[-14,61],[127,126],[-1,33],[72,47],[128,11],[55,-24],[163,7],[21,-49],[67,6],[43,22],[21,63],[40,27],[3,40],[-90,82],[22,76],[-25,22],[-82,-25],[-45,67],[83,122],[63,-72],[52,0],[81,-62],[58,5],[40,-26],[29,-55],[65,9],[98,-54],[35,9],[131,-77],[7,-93],[66,-21],[27,35],[20,60],[61,39],[64,-44],[86,3],[172,-44],[54,-59],[33,-6],[41,33],[68,-7],[28,-35],[0,-48],[51,-14],[26,-85],[-55,-30],[-16,-48],[18,-40],[46,-50],[44,15],[54,-57],[19,-61],[86,-1],[17,62],[45,24],[-1,33],[42,10],[43,39],[76,35],[77,-10],[16,66],[60,115],[-24,34],[13,52],[87,54],[70,-16],[50,-41],[-3,-60],[80,-121],[-1,-67],[26,-49],[44,-3],[49,-45],[74,5],[116,-36],[16,-31],[100,13],[32,-30],[-2,-28],[95,-95],[-12,-71],[41,-111],[5,-126],[102,-176],[24,-194],[-28,-91],[3,-47],[42,-52],[29,-9],[80,12],[67,-34],[0,-71],[-20,-28],[-38,-5],[-19,-31],[-45,-22],[15,-63],[22,-26],[12,-76],[40,-46],[63,-40],[-3,-65],[-38,-57],[21,-4],[89,-85]]],"transform":{"scale":[0.00015820172275641053,0.0001160689945309211],"translate":[114.852986,39.046738]},"objects":{"json":{"type":"GeometryCollection","geometries":[{"arcs":[[0]],"type":"Polygon","properties":{"adcode":130633,"level":"district","name":"易县","parent":{"adcode":130600},"childrenNum":0,"center":[115.497487,39.350219],"centroid":[115.497487,39.350219]}}]}}}