{"type":"Topology","arcs":[[[3045,2651],[-35,-136],[65,33],[-8,-110],[189,-2],[-15,30],[105,1],[34,-56],[112,48],[8,-37],[28,-22],[15,-39],[-38,-10],[29,-405],[-51,-2],[-7,-26],[-44,-6],[14,-127],[99,14],[-11,-32],[-70,-46],[-34,-40],[-33,-17],[-59,5],[-55,25],[-75,-7],[-10,88],[-83,150],[-78,-35],[-36,28],[-178,-80],[-42,-39],[70,-7],[11,-58],[69,-68],[-26,-38],[-53,51],[-27,0],[-38,-92],[7,-81],[-205,152],[-67,2],[-152,-33],[-6,-690],[34,-68],[-170,30],[-156,11],[-181,4],[-35,77],[-11,57],[14,68],[-37,15],[-193,-3],[-127,-29],[-124,-64],[-2,-30],[-29,12],[-34,-21],[-5,-38],[-28,-1],[-12,-43],[-86,8],[-54,-53],[-42,-20],[-144,-42],[-41,-4],[-168,-63],[-138,-81],[-45,32],[14,48],[-33,18],[2,48],[27,24],[28,70],[-40,16],[20,111],[-33,10],[27,55],[41,47],[2,35],[85,62],[23,46],[-28,58],[-48,12],[4,44],[-37,23],[-41,-23],[8,60],[-7,87],[18,47],[-69,211],[-43,15],[-4,-36],[-36,1],[-4,25],[-96,20],[1,48],[-32,-4],[-47,51],[-40,23],[8,39],[32,25],[58,113],[21,85],[-63,19],[36,57],[54,-47],[62,-2],[-9,41],[118,107],[-185,164],[-5,21],[-75,-66],[-87,37],[-4,23],[-47,48],[27,149],[34,2],[10,59],[45,15],[21,43],[-16,39],[-223,110],[34,83],[-37,57],[24,22],[34,-9],[-55,57],[21,15],[-45,45],[6,45],[48,31],[55,-76],[94,39],[30,44],[31,75],[-50,45],[25,60],[70,-3],[42,-19],[42,81],[55,-39],[12,5],[-5,123],[45,-3],[-6,30],[19,63],[52,-1],[89,-17],[62,-22],[18,53],[22,10],[29,60],[-43,29],[28,55],[44,45],[59,31],[-10,56],[51,36],[24,-11],[49,24],[-19,49],[30,-39],[50,20],[24,-47],[12,12],[-18,44],[35,-31],[51,29],[27,32],[25,91],[21,11],[26,78],[97,-2],[36,96],[-6,18],[34,58],[68,-18],[39,24],[19,38],[64,1],[-18,54],[34,61],[21,3],[42,68],[58,48],[65,-36],[53,74],[58,-40],[22,23],[88,-75],[-27,-56],[36,-26],[-22,-42],[7,-22],[-22,-41],[10,-34],[-82,-32],[-70,-204],[84,-11],[-3,-50],[84,-84],[10,-87],[55,-11],[26,-36],[7,-81],[64,23],[26,-24],[8,-72],[16,-19],[-27,-66],[22,-22],[44,2],[15,-91],[23,-31],[88,38],[169,-88],[99,-77],[-1,-30],[-32,-71],[-5,-71],[27,-43],[71,-16],[-4,-15],[145,-22],[37,5],[-1,-63],[117,-4],[43,46],[26,-17],[-32,-31],[-25,-52],[50,-8],[1,-47],[43,10],[15,-76],[-47,-5],[12,-38],[-50,-36],[-19,-62],[-34,-16],[14,-40],[38,-27],[-24,-7],[-21,-39],[16,-111],[20,-6]],[[2279,0],[-81,203],[-158,302],[-29,84],[119,43],[156,28],[45,20],[51,42],[62,32],[55,67],[282,-121],[223,-45],[31,-26],[-5,-83],[18,-78],[-208,-33],[-73,-42],[-119,-185],[-74,-81],[-110,-63],[-185,-64]]],"transform":{"scale":[0.00008651819464033934,0.00007331112932977998],"translate":[123.112267,41.715076]},"objects":{"json":{"type":"GeometryCollection","geometries":[{"arcs":[[[0]],[[1]]],"type":"MultiPolygon","properties":{"adcode":210114,"level":"district","name":"于洪区","parent":{"adcode":210100},"childrenNum":0,"center":[123.308062,41.793925],"centroid":[123.308062,41.793925]}}]}}}