{"type":"Topology","arcs":[[[4522,3793],[-20,-54],[-71,-105],[-60,-30],[-48,0],[-53,-45],[-38,-182],[-82,-97],[-85,-70],[-5,-173],[80,-87],[-34,-29],[-85,34],[-65,-10],[-59,6],[-15,-52],[22,-59],[-71,3],[-36,-11],[-5,-50],[33,-26],[-56,-95],[59,-20],[11,-35],[73,-20],[50,-28],[-4,-71],[50,-62],[-80,-33],[-55,-112],[19,-103],[-37,-87],[1,-55],[54,-81],[33,-32],[5,-61],[44,-24],[66,-73],[83,-30],[-30,-82],[-75,-37],[-30,-34],[-49,26],[-34,-50],[-55,12],[-78,-92],[-33,-16],[-32,-76],[-9,-67],[-32,-36],[-8,-60],[-25,23],[-37,-16],[-11,25],[-59,-13],[-94,81],[-93,-29],[-33,-48],[-71,-6],[-47,32],[-168,-12],[-31,-30],[-43,-127],[-33,4],[-10,123],[-44,-19],[-27,-47],[-30,68],[-128,61],[-16,46],[-28,-31],[8,-32],[-83,5],[47,86],[-68,18],[-40,33],[-60,-89],[-32,6],[-62,50],[-26,49],[-74,-15],[-80,-144],[-58,48],[-41,-7],[-65,-52],[-57,-6],[-25,-54],[1,-69],[-85,-17],[-35,48],[-45,19],[-58,0],[-45,-27],[-44,-59],[9,-37],[-29,-2],[-96,-106],[-49,-67],[74,-59],[45,3],[-6,-24],[43,0],[22,-75],[-44,-65],[46,-44],[-1,-27],[-72,-15],[-4,-81],[-78,-272],[-39,4],[-29,-62],[-133,-100],[-37,-39],[-31,31],[-44,-61],[-57,9],[-42,74],[-41,28],[6,103],[-21,24],[-91,18],[-19,14],[2,79],[-14,73],[-50,49],[-65,-24],[-45,9],[-52,41],[-144,38],[-108,-34],[-19,16],[-5,78],[-45,15],[-146,-90],[-60,3],[-13,47],[-39,22],[-11,39],[56,75],[-45,61],[20,43],[58,-4],[18,42],[-51,8],[-52,117],[238,108],[9,65],[-39,36],[-33,70],[-18,-2],[-41,-60],[-20,-74],[-47,13],[-34,82],[-66,44],[-34,44],[-8,109],[11,109],[34,60],[124,132],[64,53],[79,36],[122,-24],[126,44],[88,-5],[86,11],[109,59],[121,22],[28,48],[-11,44],[-37,17],[3,57],[24,17],[131,6],[41,37],[25,65],[-13,60],[33,82],[-96,139],[-80,64],[-8,44],[118,69],[7,93],[-58,81],[-12,84],[11,42],[96,35],[72,87],[21,46],[46,37],[25,53],[8,65],[62,-4],[84,-38],[74,16],[159,81],[24,40],[16,79],[47,13],[63,-7],[111,144],[50,33],[101,-9],[121,0],[53,-12],[48,24],[15,28],[25,117],[-92,115],[10,59],[187,114],[65,53],[-7,61],[84,30],[30,-19],[29,16],[34,59],[58,-6],[136,121],[21,33],[27,93],[34,60],[101,124],[74,-69],[63,-122],[5,-69],[-27,-21],[11,-90],[45,-53],[64,-5],[53,39],[100,23],[23,33],[38,-22],[45,18],[18,-63],[38,-7],[33,-90],[52,26],[97,-7],[63,-64],[56,31],[94,-51],[44,-96],[48,-21],[9,-42],[85,9],[53,49],[49,73],[30,-57],[45,-32],[-4,-92],[41,-28],[16,-45],[53,-57]]],"transform":{"scale":[0.00023464506855373714,0.00018054696485622976],"translate":[121.224006,39.281186]},"objects":{"json":{"type":"GeometryCollection","geometries":[{"arcs":[[0]],"type":"Polygon","properties":{"adcode":210281,"level":"district","name":"瓦房店市","parent":{"adcode":210200},"childrenNum":0,"center":[121.979463,39.62701],"centroid":[121.979463,39.62701]}}]}}}