{"type":"Topology","arcs":[[[2175,0],[-33,18],[48,87],[-18,9],[53,105],[29,112],[-85,45],[-114,94],[-78,72],[-73,35],[-121,77],[-104,88],[-57,38],[-119,110],[-61,19],[-73,-75],[-26,19],[-9,-49],[-40,10],[5,35],[-46,90],[-10,-46],[-25,5],[-4,45],[-63,61],[21,62],[18,-1],[28,89],[68,73],[16,83],[-24,58],[-36,265],[-88,157],[-76,55],[-41,-19],[-92,24],[-47,25],[-27,34],[10,51],[89,89],[-128,198],[-33,129],[-47,2],[-21,55],[-54,19],[-13,56],[-48,42],[-79,30],[-116,190],[-41,87],[-47,-23],[-46,6],[-71,-24],[-76,9],[-39,-15],[-90,4],[65,105],[100,122],[-56,-12],[-75,15],[-55,61],[9,71],[64,62],[31,80],[70,6],[110,-12],[96,8],[63,45],[65,65],[-54,28],[7,22],[110,-17],[21,24],[-34,35],[50,49],[52,-15],[71,50],[39,-2],[14,90],[-40,21],[19,47],[24,-33],[43,14],[15,-18],[41,69],[40,5],[67,87],[-36,72],[32,78],[44,17],[66,-46],[27,22],[90,24],[46,40],[-17,20],[17,60],[43,41],[80,105],[3,67],[17,15],[18,-49],[53,32],[25,-15],[71,71],[24,45],[-17,49],[63,47],[79,85],[32,-10],[5,-31],[37,17],[45,97],[-15,35],[13,34],[36,10],[62,-13],[-51,61],[37,64],[138,-45],[67,13],[-11,28],[72,21],[25,-13],[37,61],[3,35],[45,-18],[-26,33],[13,37],[44,-5],[-1,-22],[50,1],[50,44],[214,138],[129,102],[46,-3],[70,33],[143,93],[59,48],[120,73],[73,26],[186,87],[97,65],[22,-34],[102,-8],[16,-24],[-52,0],[-13,-35],[53,-20],[2,-39],[-72,-48],[-44,-108],[79,26],[57,-42],[-7,-25],[-82,-29],[-2,-63],[21,-21],[83,-17],[-35,-78],[8,-21],[62,-47],[-1,-84],[24,-36],[88,10],[1,-36],[-40,-44],[-10,-37],[87,-67],[81,-191],[-15,-90],[18,-97],[22,-57],[-4,-115],[42,-158],[-7,-27],[68,2],[-13,-84],[31,-86],[-19,-37],[33,-57],[-1,-48],[-85,35],[-92,-1],[-118,18],[-106,-12],[-78,-30],[3,-91],[57,-68],[37,-106],[-11,-80],[10,-157],[75,-33],[9,-26],[83,-34],[70,-63],[37,25],[4,-45],[48,-17],[-13,-33],[39,0],[-3,-34],[72,-38],[1,-31],[62,-36],[29,-74],[-13,-19],[62,-26],[8,49],[40,-29],[7,-70],[-27,-53],[24,-32],[45,15],[164,-5],[23,-49],[-70,-69],[-53,-31],[-32,-48],[-24,-76],[4,-44],[26,-35],[-20,-26],[15,-101],[-13,-36],[-99,-38],[-39,-78],[-9,-93],[16,-80],[-78,-68],[-28,-10],[-38,55],[-55,6],[-10,-163],[64,-26],[-4,-31],[-43,-28],[-2,-60],[-22,-90],[-27,-26],[-58,17],[7,-24],[-33,-95],[-16,1],[-38,-93],[10,-52],[-26,-14],[23,-48],[26,-10],[-41,-80],[-37,14],[10,-81],[45,-45],[-27,-40],[-83,-63],[-106,-63],[-262,-6],[-111,-8],[-135,-20],[-66,-35],[-162,-136],[-84,-36],[-107,-59],[-86,12],[-225,-138],[-92,-71],[-93,-54],[-45,-65],[-83,-152]]],"transform":{"scale":[0.00016671329429624815,0.00011607931273863269],"translate":[121.831639,41.460177]},"objects":{"json":{"type":"GeometryCollection","geometries":[{"arcs":[[0]],"type":"Polygon","properties":{"adcode":210726,"level":"district","name":"黑山县","parent":{"adcode":210700},"childrenNum":0,"center":[122.126645,41.653552],"centroid":[122.126645,41.653552]}}]}}}