{"type":"Topology","arcs":[[[4478,5236],[88,48],[37,4],[14,16],[73,27],[69,30],[37,23],[23,36],[41,18],[53,32],[15,-157],[-9,-142],[2,-121],[10,-60],[-8,-64],[-22,-47],[-57,-50],[-35,-56],[-15,-81],[1,-37],[27,-76],[53,-64],[97,55],[94,68],[75,45],[212,-210],[73,-136],[4,-20],[-71,-24],[-43,-21],[-43,-28],[-162,-162],[-35,-40],[17,-210],[0,-229],[29,-185],[84,-255],[-58,-52],[-82,-27],[5,-111],[22,-107],[-27,-12],[-40,12],[-32,-7],[-119,-50],[-334,-128],[-25,-12],[-97,-72],[10,-63],[-36,-32],[-116,-65],[72,-202],[17,-35],[4,-47],[30,-67],[48,-135],[19,-36],[-11,-7],[-231,-42],[-34,-12],[-35,2],[-261,-48],[-161,-27],[-62,-71],[-32,-52],[-21,-12],[6,-32],[-26,-81],[25,-40],[0,-106],[-24,-35],[-92,-82],[-42,-30],[-75,-91],[-39,-16],[-36,-38],[-28,-65],[-77,-38],[-49,-39],[-15,-28],[-25,-20],[-75,-45],[-90,-70],[-50,-29],[-104,-91],[-44,5],[-104,-17],[-197,-4],[-109,-8],[-146,-15],[-153,-22],[-89,-23],[-7,-83],[-39,-49],[-15,-26],[14,-37],[-19,-62],[-34,-20],[-6,-36],[18,-91],[-44,15],[-25,0],[-83,-35],[-139,-89],[-3,33],[-89,-23],[-29,-24],[-69,40],[-17,84],[-32,3],[-15,-19],[-85,-13],[-11,-44],[-208,-37],[-69,-4],[-6,-45],[-23,-22],[-28,-2],[-139,175],[26,111],[-17,124],[-43,12],[-37,38],[-13,27],[23,39],[14,95],[-25,33],[3,76],[-19,9],[-161,-30],[-9,54],[-11,148],[-7,7],[-29,124],[23,8],[-80,289],[-19,8],[-78,-2],[-63,11],[-41,-6],[-67,-39],[-28,11],[-59,160],[-42,123],[29,-6],[33,74],[62,35],[99,65],[98,93],[67,51],[85,26],[54,38],[21,139],[-46,89],[-77,57],[53,47],[28,18],[53,17],[46,-3],[11,46],[41,35],[42,53],[1,19],[-53,51],[-7,34],[14,145],[15,45],[24,37],[75,24],[79,5],[37,9],[34,25],[59,55],[56,40],[57,29],[45,13],[108,8],[42,-21],[107,230],[16,86],[15,57],[28,6],[8,58],[31,139],[11,63],[39,191],[7,59],[15,41],[20,105],[37,99],[-3,48],[10,38],[8,82],[12,27],[25,10],[20,39],[-23,29],[11,36],[-31,-1],[-10,18],[12,21],[-10,10],[-40,-5],[3,30],[15,21],[115,74],[0,41],[14,57],[-23,44],[-79,47],[-4,30],[23,49],[41,26],[58,-6],[23,7],[13,22],[5,41],[14,6],[71,-7],[-13,-108],[7,-22],[36,27],[39,13],[23,-2],[63,-26],[28,-27],[17,-33],[46,30],[189,43],[264,12],[10,-11],[155,-31],[14,-8],[42,2],[94,-4],[60,-21],[12,8],[54,-5],[0,27],[58,3],[100,-1],[-21,-157],[50,-13],[85,-15],[70,-27],[31,-46],[44,45],[43,8],[92,25],[69,11],[161,14],[104,48],[68,49],[54,47],[44,61],[39,70],[39,24],[25,7],[56,-12],[206,219],[24,19],[8,28]]],"transform":{"scale":[0.00009701988950276088,0.00007391681901279708],"translate":[119.56687699999999,33.280731]},"objects":{"json":{"type":"GeometryCollection","geometries":[{"arcs":[[0]],"type":"Polygon","properties":{"adcode":320925,"level":"district","name":"建湖县","parent":{"adcode":320900},"childrenNum":0,"center":[119.788743,33.438931],"centroid":[119.788743,33.438931]}}]}}}