{"type":"Topology","arcs":[[[2813,5257],[39,-25],[62,1],[76,-31],[42,13],[81,71],[53,5],[81,79],[20,-20],[10,-85],[84,40],[58,53],[71,15],[8,-26],[-38,-54],[80,-76],[61,-22],[36,14],[93,-3],[65,32],[126,-27],[-22,-75],[52,-120],[59,18],[88,-70],[125,-50],[54,18],[102,-25],[68,-34],[53,21],[38,-27],[-61,-59],[-59,2],[-90,42],[-57,-25],[-11,-47],[83,-42],[35,18],[82,-12],[-10,-54],[17,-61],[31,-11],[0,-86],[-27,-32],[-85,-6],[-73,-114],[0,-35],[-46,-80],[3,-53],[56,-86],[52,-31],[91,34],[18,-31],[69,-17],[62,-59],[33,8],[42,60],[32,-2],[33,-177],[-39,-50],[11,-34],[108,-103],[-12,-185],[-26,-97],[13,-31],[127,-7],[16,-49],[53,-18],[69,19],[35,-14],[-58,-81],[-32,-2],[-37,-57],[-14,-88],[-26,-57],[-33,-14],[-12,-88],[-18,-28],[-52,5],[-78,-62],[-14,-29],[-105,-61],[-36,-184],[-63,-99],[36,-28],[8,-52],[63,-30],[43,1],[93,51],[17,-28],[-33,-45],[-57,3],[-3,-83],[-93,-82],[-40,-18],[-56,-58],[-21,-44],[-82,79],[-58,-29],[39,-106],[-77,-156],[-4,-133],[-60,-56],[-36,7],[-131,-45],[-99,16],[-62,-25],[-65,-63],[1,-86],[-29,-42],[-133,-16],[-57,-52],[-10,-48],[-65,-73],[-50,-24],[-22,-41],[-117,-57],[-66,6],[-67,-58],[-28,36],[-83,-12],[-20,-59],[-136,-75],[-49,-2],[-135,-81],[-34,-41],[-41,27],[-90,-74],[-25,-74],[-67,-37],[-71,-63],[-11,-46],[-49,9],[-119,-87],[-37,-8],[-8,-48],[-50,-52],[-56,-17],[-8,-51],[25,-39],[-10,-86],[-63,-43],[-47,-1],[-49,-39],[-24,-50],[-31,-5],[-41,-57],[-33,-7],[-124,87],[-74,-12],[-162,-53],[-58,22],[34,63],[-9,89],[-60,-2],[-64,129],[41,71],[-45,104],[20,78],[44,-17],[80,-95],[-4,71],[-101,150],[15,41],[-71,85],[2,45],[-40,46],[-35,-19],[-89,67],[-103,-17],[-46,8],[-3,26],[-68,27],[-48,-6],[27,108],[-35,13],[-60,-26],[-59,17],[-27,33],[-50,-4],[-46,-41],[-70,37],[-39,59],[-38,4],[-90,73],[11,65],[-104,67],[40,79],[-57,29],[-60,-8],[-31,59],[-57,29],[-34,78],[-70,17],[-35,79],[9,56],[57,19],[22,45],[86,117],[16,48],[51,-18],[112,16],[80,-38],[101,57],[48,-46],[54,12],[126,70],[-1,82],[15,80],[-15,62],[24,126],[81,62],[100,46],[35,84],[40,61],[27,0],[63,88],[32,70],[111,37],[33,-3],[92,66],[69,-33],[37,-44],[33,9],[49,70],[87,93],[6,42],[32,26],[8,55],[44,35],[47,80],[91,17],[30,85],[66,79],[37,24],[20,74],[2,68],[-24,117],[-40,56],[17,158],[31,31],[69,-6],[33,37],[-30,37],[-46,17],[23,88],[58,22],[60,-44],[41,21],[11,36],[70,62],[26,44],[172,150],[21,50],[-3,102],[-32,122],[49,43],[80,-27],[41,63],[59,-47],[57,-9],[-16,139],[8,59],[32,77],[-38,85],[16,41],[-25,69],[36,30]]],"transform":{"scale":[0.00019607686289849557,0.00015751461008747464],"translate":[118.34574999999998,29.188757]},"objects":{"json":{"type":"GeometryCollection","geometries":[{"arcs":[[0]],"type":"Polygon","properties":{"adcode":330127,"level":"district","name":"淳安县","parent":{"adcode":330100},"childrenNum":0,"center":[119.042015,29.609678],"centroid":[119.042015,29.609678]}}]}}}