{"type":"Topology","arcs":[[[779,1324],[30,45],[31,10],[-6,27],[43,45],[-5,70],[-40,59],[33,38],[14,-17],[88,43],[39,35],[-23,50],[1,45],[-36,33],[36,30],[0,55],[25,38],[-6,24],[27,23],[-39,17],[-30,47],[14,19],[-14,42],[12,46],[38,-38],[4,43],[33,19],[-3,52],[32,25],[-18,15],[-17,61],[27,30],[-50,35],[-55,11],[27,49],[-3,30],[31,3],[30,66],[-2,33],[-92,11],[-38,18],[-11,65],[-24,11],[-35,64],[18,24],[-28,42],[-40,-12],[-39,50],[-67,-33],[-32,3],[11,92],[27,9],[71,68],[-3,55],[-21,1],[2,76],[-26,17],[6,60],[-49,18],[4,50],[86,0],[64,-19],[75,9],[17,88],[26,34],[32,1],[81,-79],[104,-53],[36,35],[-56,39],[21,42],[28,-7],[21,45],[33,18],[-18,72],[29,-3],[9,37],[-24,104],[76,2],[2,74],[100,-3],[-2,-73],[102,4],[0,113],[45,128],[-481,-90],[-324,78],[-475,-65],[-86,-38],[-188,-65],[-14,1],[132,140],[104,118],[132,190],[151,208],[106,91],[95,65],[80,66],[65,96],[88,92],[161,186],[108,-14],[192,4],[328,84],[82,-170],[126,-229],[158,-329],[33,-81],[23,-90],[55,-92],[2,-63],[26,-110],[65,-194],[-27,-70],[-44,-28],[9,-22],[53,2],[30,-59],[-6,-34],[22,-51],[47,-61],[76,33],[62,-43],[49,-108],[-31,-75],[48,-2],[13,-20],[-41,-8],[5,-19],[66,22],[25,-64],[56,5],[6,-35],[-46,-26],[46,-38],[-25,-7],[-22,-50],[18,-76],[-20,-34],[27,-11],[3,-32],[88,-71],[31,-4],[28,-40],[60,-15],[14,-28],[120,17],[30,30],[17,-18],[-37,-93],[27,-49],[62,20],[42,56],[40,-22],[62,22],[90,-45],[37,-39],[18,-65],[69,-33],[-29,-64],[-10,-63],[-56,-35],[-39,-8],[-24,-42],[-42,-34],[-38,7],[-68,-21],[-60,-34],[-24,-209],[-30,-78],[-58,-56],[9,-53],[-67,-108],[-2,-38],[-53,-25],[27,-31],[56,-103],[44,-17],[-12,-36],[188,-165],[44,-25],[20,45],[35,-18],[17,-39],[58,-36],[66,4],[48,-55],[75,-21],[41,-42],[0,-28],[-27,-75],[-34,-40],[-15,-52],[65,-96],[-7,-38],[-63,-33],[-27,-83],[-74,-47],[-9,-50],[-47,-51],[-78,-50],[-56,-62],[-31,-3],[-75,62],[-91,14],[-63,-22],[-9,-24],[78,-156],[-5,-31],[-48,33],[-103,-52],[-34,-65],[-92,50],[-104,34],[-100,-76],[-38,-13],[-104,-9],[-21,77],[-22,27],[-34,-9],[-172,-112],[-90,42],[-50,-4],[-37,31],[17,36],[-7,35],[-50,76],[-80,-12],[-59,-66],[-94,-11],[-31,16],[-28,46],[-40,12],[-9,24],[48,84],[-24,46],[-6,84],[-50,73],[-5,65],[-82,57],[38,71],[-33,89],[15,46],[-4,69],[-51,-22],[-48,-3],[-136,12],[-107,-56],[-90,-79],[-83,-41],[-78,10],[-104,-175],[-33,33],[-33,-15],[-18,63],[-30,56],[-2,41],[30,32],[20,55],[10,78],[-8,74],[-21,19],[21,21],[2,40],[-36,43],[14,77],[-4,98],[40,54]]],"transform":{"scale":[0.0001270954482758639,0.00010751074413052111],"translate":[120.645584,29.731394]},"objects":{"json":{"type":"GeometryCollection","geometries":[{"arcs":[[0]],"type":"Polygon","properties":{"adcode":330604,"level":"district","name":"上虞区","parent":{"adcode":330600},"childrenNum":0,"center":[120.868571,30.033862],"centroid":[120.868571,30.033862]}}]}}}