{"type":"Topology","arcs":[[[4240,1081],[-5,-33],[-57,-46],[-119,-42],[-88,1],[-38,-19],[-127,-206],[-87,40],[-106,3],[-57,-54],[-65,-28],[-21,-91],[41,-40],[27,-86],[-7,-21],[-71,3],[-141,-39],[-70,-54],[-6,-63],[-62,-115],[-57,-5],[-39,-47],[-24,-55],[-88,-38],[20,-34],[-67,-12],[-15,29],[-70,32],[-49,45],[-35,56],[-6,52],[-33,55],[19,81],[34,22],[72,115],[6,117],[16,56],[-104,89],[-43,65],[3,66],[57,91],[66,20],[25,44],[-36,53],[-63,20],[-45,-25],[-83,5],[-25,22],[14,45],[-56,56],[-18,-7],[-90,26],[-24,57],[-70,21],[-46,34],[31,44],[-38,89],[-45,26],[-45,-14],[-58,11],[-8,-60],[-73,-90],[-31,-62],[-101,-70],[-136,-32],[-83,-109],[-96,24],[-83,70],[-27,-3],[-43,-45],[-100,34],[-30,69],[69,7],[12,62],[37,75],[-32,35],[-125,10],[-83,36],[-56,51],[26,69],[-56,23],[-36,65],[-91,-27],[-159,47],[2,81],[-12,77],[38,95],[40,37],[15,64],[65,11],[51,-14],[37,18],[41,60],[-9,31],[-94,41],[-54,53],[3,33],[88,46],[3,78],[-56,30],[9,-33],[-12,-80],[-54,-41],[-52,4],[-87,51],[-84,-6],[-17,53],[-71,55],[-44,51],[3,117],[-44,38],[-118,34],[-23,30],[-76,34],[-55,-23],[26,-46],[-82,-6],[-60,60],[-18,63],[5,52],[-50,56],[-31,7],[-20,93],[14,25],[-84,72],[9,76],[45,-14],[58,-50],[67,9],[70,-42],[29,-46],[127,86],[115,-3],[94,82],[40,1],[19,-61],[78,-37],[141,32],[2,32],[135,70],[0,95],[48,47],[-14,83],[-34,52],[61,128],[82,8],[117,-14],[63,41],[45,-7],[84,-76],[28,0],[51,57],[-12,48],[64,122],[62,49],[94,51],[98,118],[41,104],[-2,136],[12,23],[59,-14],[48,85],[73,-28],[-4,-35],[68,-36],[37,19],[55,81],[52,52],[-32,42],[103,77],[47,22],[151,-25],[30,-25],[36,7],[33,53],[27,-18],[42,-80],[4,-50],[67,-38],[71,20],[53,105],[162,-63],[59,73],[26,12],[6,59],[106,76],[43,138],[115,4],[15,32],[51,-3],[17,29],[39,-20],[32,18],[100,-64],[-22,-87],[14,-54],[68,-107],[74,-23],[3,-37],[-34,-57],[50,-29],[66,40],[104,-47],[61,-6],[6,-56],[37,-22],[-8,-51],[52,-87],[42,-37],[102,-54],[50,-5],[-3,-82],[82,-75],[56,-12],[5,-37],[78,-29],[105,8],[38,-30],[-54,-50],[-34,-76],[-18,-83],[-148,-179],[3,-27],[50,-16],[-2,-128],[22,-42],[-30,-69],[32,-70],[8,-61],[36,-5],[119,-143],[30,-66],[-66,-112],[0,-61],[42,-45],[-74,-28],[-46,-121],[-36,-24],[11,-62],[-25,-34],[12,-79],[64,-144],[-2,-28],[-45,-75],[34,-36],[-12,-19],[-130,-71],[-26,-26],[32,-117],[21,-34],[-9,-50],[21,-54],[-3,-65],[74,-128],[-7,-24],[-79,-47],[-59,-52],[-64,2],[-78,-47],[-17,-53],[-36,-29],[-5,-48]]],"transform":{"scale":[0.00013698567818028618,0.0001291478655392866],"translate":[119.889073,29.355579]},"objects":{"json":{"type":"GeometryCollection","geometries":[{"arcs":[[0]],"type":"Polygon","properties":{"adcode":330681,"level":"district","name":"诸暨市","parent":{"adcode":330600},"childrenNum":0,"center":[120.246602,29.709398],"centroid":[120.246602,29.709398]}}]}}}