{"type":"Topology","arcs":[[[4453,1352],[312,-1]],[[4765,1351],[-5,-101],[-29,-263]],[[4731,987],[-420,123]],[[4311,1110],[102,193],[40,49]],[[4453,1352],[-27,47],[-42,21],[-47,5],[-32,-9],[-112,-156],[-47,-99],[-10,-67],[17,-51],[33,-15],[58,5],[49,43],[18,34]],[[4731,987],[-7,-71],[-85,-344],[-114,-305],[-53,-267],[-40,201],[-38,210],[-44,224],[-44,27],[-203,3],[-437,-4],[-145,39],[-233,82],[-66,-7],[-52,-18],[-116,32],[-106,60],[-39,3],[-69,-88],[-53,6],[-130,95],[-110,53],[-76,-7],[-57,-10],[-19,21],[-17,50],[-27,57],[-44,43],[-152,131],[-258,222],[-199,164],[-54,27],[-56,-17],[-46,-37],[-70,-38],[-44,-13],[-71,7],[-88,-10],[-62,-12],[-76,3],[-105,23],[-74,46],[-52,17],[-17,13],[13,156],[13,72],[44,105],[5,52],[-96,191],[1,39],[15,23],[84,74],[-13,67],[-55,71],[-113,126],[-64,56],[-70,72],[-85,9],[-173,134],[-74,31],[-58,-6],[-47,-36],[-48,-23],[-55,213],[-19,66],[-26,43],[-51,7],[-11,22],[4,34],[26,112],[14,26],[42,-30],[22,-33],[12,-41],[43,-55],[30,-3],[43,-24],[-18,-20],[-35,-22],[-10,9],[-68,3],[5,-38],[30,-3],[19,7],[30,-27],[47,31],[21,32],[19,9],[23,29],[38,12],[64,7],[20,21],[12,31],[1,64],[23,63],[15,17],[18,-10],[29,16],[8,40],[25,9],[20,-29],[24,0],[41,15],[61,-9],[22,11],[48,-14],[30,1],[56,29],[58,112],[88,22],[31,-15],[35,49],[-12,28],[2,27],[22,24],[-2,25],[-33,49],[5,76],[15,10],[21,-10],[69,-77],[48,-31],[27,-3],[153,-7],[69,-1],[172,-84],[29,-6],[34,7],[96,67],[47,0],[38,-19],[58,-7],[69,42],[17,20],[31,15],[83,-56],[3,-85],[14,-27],[22,-121],[44,-9],[42,8],[-1,61],[22,9],[8,35],[16,24],[18,1],[20,-20],[39,15],[8,-28],[13,-6],[8,28],[33,10],[-13,36],[12,16],[-1,50],[33,30],[19,33],[-12,23],[-12,59],[32,13],[16,23],[-8,32],[-23,15],[25,33],[30,17],[20,23],[14,37],[-20,74],[1,48],[17,27],[-13,33],[3,44],[51,53],[19,39],[-14,45],[50,44],[74,-1],[66,50],[7,0],[121,-53],[92,99],[87,-49],[75,-99],[65,-59],[68,-17],[80,-47],[14,-44],[-48,-57],[-53,-78],[-149,-56],[11,-93],[73,-63],[18,-37],[-6,-39],[-19,-39],[17,-45],[44,-46],[15,-42],[-12,-46],[-25,-63],[30,-14],[32,-5],[25,-15],[51,-68],[54,-103],[41,-22],[143,17],[46,28],[49,50],[-16,102],[43,14],[76,4],[88,18],[16,-2],[113,-34],[62,-44],[77,-38],[69,12],[65,-19],[43,-85],[32,-84],[44,-34],[40,-41],[32,-233],[-2,-7],[-126,-73],[-8,-41],[51,-25],[153,-4],[35,-33],[-10,-73],[-51,-144],[-3,-85],[37,-70],[84,-87],[16,-28],[-80,-142],[-27,-98],[9,-95],[2,-73],[-42,-110],[2,-86],[11,-33],[84,19],[71,-28],[37,-74],[-7,-170]]],"transform":{"scale":[0.00006396227996647101,0.00005155877154220052],"translate":[118.581058,31.449258]},"objects":{"json":{"type":"GeometryCollection","geometries":[{"arcs":[[[0,1,2,3]],[[-1,4,-3,5]]],"type":"MultiPolygon","properties":{"adcode":340506,"level":"district","name":"博望区","parent":{"adcode":340500},"childrenNum":0,"center":[118.818276,31.55117],"centroid":[118.818276,31.55117]}}]}}}