{"type":"Topology","arcs":[[[0,1972],[67,34],[15,40],[50,36],[11,44],[25,-14],[46,21],[-9,21],[75,7],[-43,69],[39,10],[23,68],[34,14],[-1,45],[-42,51],[2,52],[34,72],[-67,54],[44,76],[105,110],[-7,71],[40,60],[19,62],[31,-29],[57,34],[57,10],[-22,61],[39,28],[20,72],[61,31],[-50,15],[1,53],[-25,7],[-46,109],[13,31],[37,-18],[45,25],[-33,45],[-27,80],[-3,47],[-119,-22],[-12,105],[-17,17],[-74,-24],[-7,31],[43,148],[-3,29],[-67,-6],[117,226],[-6,50],[42,34],[25,78],[-47,85],[38,88],[61,22],[11,73],[25,19],[17,65],[-1,74],[-29,74],[13,37],[-43,49],[-77,11],[-29,-11],[-107,6],[-39,33],[-38,76],[25,52],[-5,50],[76,55],[116,-3],[44,34],[10,124],[-24,41],[-10,65],[27,18],[-1,38],[-61,58],[-1,124],[36,44],[-68,81],[6,55],[20,29],[112,83],[48,3],[147,-23],[23,8],[77,-30],[127,-30],[69,3],[61,-16],[154,-87],[62,-53],[148,-55],[312,-125],[86,-13],[33,-65],[-13,-85],[5,-154],[-4,-173],[13,-46],[47,-49],[122,13],[174,91],[124,21],[88,-3],[150,-37],[38,-23],[-57,-56],[-90,-24],[-152,-76],[-79,-14],[-61,-29],[-36,-55],[62,-60],[-7,-48],[33,-54],[132,-3],[-66,-75],[-86,-52],[-170,-76],[-50,-37],[-29,-55],[-39,-18],[58,-68],[71,-44],[91,-93],[6,-59],[41,-41],[75,26],[35,-17],[15,-43],[-30,-73],[29,-11],[146,11],[49,-24],[13,-32],[-1,-90],[-61,-142],[14,-39],[71,-98],[12,-57],[-10,-105],[6,-37],[35,-51],[4,-58],[-86,-101],[-37,-95],[12,-79],[49,-67],[7,-36],[36,-42],[2,-176],[7,-53],[-28,-50],[35,-91],[42,-28],[37,-58],[60,-33],[46,-44],[26,-52],[97,-37],[19,-52],[67,-2],[67,-81],[37,-7],[39,-43],[51,1],[5,-32],[-85,-111],[-50,-44],[14,-58],[-50,-21],[-35,-38],[18,-28],[-64,-29],[4,-26],[-42,-6],[20,-49],[-59,-4],[-12,-35],[-67,-4],[-10,-21],[-56,4],[-48,-31],[-82,-17],[-43,9],[-79,-48],[-7,-20],[-92,-17],[-80,-46],[-17,21],[-50,-18],[-31,32],[-57,-13],[-37,-56],[-69,22],[-42,-25],[-51,-1],[30,-35],[-83,-27],[-117,-21],[-41,-30],[-37,-72],[-61,-44],[-48,-70],[-12,-79],[-48,-81],[-38,-27],[-72,-19],[-47,2],[-101,-32],[-138,66],[-74,-16],[-72,-143],[17,-50],[29,-17],[57,-70],[6,-40],[-54,-81],[-51,-168],[-70,-70],[-101,-26],[-195,38],[17,118],[66,117],[18,52],[-30,100],[-41,16],[-113,-25],[-88,-45],[-69,9],[-24,27],[-18,74],[51,101],[12,67],[125,-26],[84,7],[-33,90],[-37,60],[-84,284],[-33,29],[-82,12],[-98,53],[-57,43],[-24,47],[41,88],[40,34],[76,-31],[45,35],[-8,78],[20,73],[-13,20],[-58,-24],[-53,95],[-86,24],[-14,38],[-96,156],[13,24],[-62,73],[-56,41]]],"transform":{"scale":[0.0001197177593105583,0.00012747319307770613],"translate":[116.449587,31.278673]},"objects":{"json":{"type":"GeometryCollection","geometries":[{"arcs":[[0]],"type":"Polygon","properties":{"adcode":341502,"level":"district","name":"金安区","parent":{"adcode":341500},"childrenNum":0,"center":[116.539458,31.75014],"centroid":[116.539458,31.75014]}}]}}}