{"type":"Topology","arcs":[[[2263,3573],[82,29],[116,64],[41,69],[-2,29],[61,20],[26,72],[90,21],[23,20],[137,41],[143,-3],[87,-85],[87,27],[29,95],[-23,62],[-60,-6],[-22,19],[7,69],[55,51],[15,72],[25,35],[104,49],[115,8],[81,-34],[36,27],[-18,43],[28,34],[96,-28],[31,-109],[-36,-31],[-34,66],[-134,-68],[28,-95],[66,21],[84,-64],[21,-48],[-7,-57],[-56,-90],[-24,-147],[-80,-100],[1,-49],[-77,-14],[-62,-36],[-58,-76],[-49,18],[-69,-39],[-30,-41],[29,-52],[-68,-52],[-89,-13],[18,-50],[-21,-104],[-66,-63],[-101,-56],[10,-57],[-44,-101],[19,-60],[-87,-184],[-25,-30],[-63,-14],[-42,-27],[12,-246],[13,-55],[120,-27],[63,21],[1,78],[62,-24],[87,-1],[42,15],[69,73],[19,39],[47,29],[71,-6],[11,-85],[-109,-90],[-89,-90],[-5,-84],[-29,-41],[8,-47],[-4,-166],[-28,-29],[-73,-32],[-22,-46],[-69,-89],[-28,-82],[31,-44],[-66,-84],[4,-34],[-50,-148],[1,-94],[28,-24],[1,-45],[-33,-64],[-35,-26],[-68,-2],[-139,56],[-88,-31],[32,-55],[-22,-69],[-38,-5],[15,-128],[-37,-20],[-35,13],[-50,-15],[-15,-34],[35,-111],[-48,-34],[-125,22],[-33,-55],[-88,-27],[-67,-66],[30,-33],[-33,-94],[-62,-31],[-10,-39],[-53,-60],[32,-56],[-23,-45],[24,-27],[-58,-57],[-45,17],[-52,-11],[-10,48],[-48,40],[33,31],[-22,56],[11,70],[-53,1],[-40,-47],[-13,-91],[-53,0],[-78,-24],[-60,24],[-41,70],[-66,-6],[1,41],[-65,48],[-5,71],[-17,9],[-86,-70],[-75,-12],[-193,-50],[-25,49],[39,120],[-48,92],[2,38],[-31,-33],[-19,25],[-50,-5],[-8,57],[-34,35],[-65,13],[-41,-63],[-38,43],[-115,-52],[14,-17],[-33,-47],[-56,0],[-36,35],[-29,-10],[-74,40],[-1,52],[-35,52],[-61,8],[-12,88],[35,36],[12,84],[-37,58],[-7,64],[100,-13],[165,3],[201,30],[83,-70],[66,21],[-54,46],[59,105],[-68,-1],[-25,125],[-38,31],[-14,111],[48,102],[-12,27],[-100,-25],[-58,65],[-4,110],[21,45],[-20,60],[25,56],[54,-27],[31,23],[-39,68],[35,61],[-5,70],[45,8],[20,30],[92,5],[70,-36],[20,38],[-99,118],[93,60],[144,-6],[51,-36],[91,-34],[47,40],[42,-18],[64,119],[7,50],[-51,130],[31,65],[95,54],[-14,34],[110,-2],[5,38],[-42,5],[3,95],[142,111],[66,97],[210,-8],[29,-36],[146,-39],[150,83],[34,142],[-80,70],[-58,20],[-65,74],[11,25],[-45,38],[-68,8],[-26,34],[18,60],[33,2],[-19,42],[33,54],[-123,61],[-103,63],[29,48],[-9,81],[13,98],[77,71],[63,32],[8,43],[-39,17],[-28,62],[10,60],[102,5],[58,-24],[92,-18],[17,-39],[-10,-49],[140,-44],[16,-32],[-5,-100],[-52,-56],[99,-87],[-22,-19],[20,-100],[37,-26],[84,-8]],[[2247,3619],[-39,4],[-41,36],[53,14],[27,-54]]],"transform":{"scale":[0.0001376950451683548,0.0001414121790502156],"translate":[118.515918,25.921166]},"objects":{"json":{"type":"GeometryCollection","geometries":[{"arcs":[[[0]],[[1]]],"type":"MultiPolygon","properties":{"adcode":350124,"level":"district","name":"闽清县","parent":{"adcode":350100},"childrenNum":0,"center":[118.863334,26.221099],"centroid":[118.863334,26.221099]}}]}}}