{"type":"Topology","arcs":[[[56,662],[-35,43],[-21,62],[22,32],[12,135],[16,80],[-10,144],[83,108],[12,51],[35,36],[51,-13],[85,40],[133,75],[25,50],[19,135],[-64,70],[-28,135],[14,51],[40,48],[-20,90],[-23,38],[50,64],[40,83],[39,2],[28,27],[8,52],[30,29],[-12,86],[-18,39],[10,91],[-45,106],[10,44],[80,100],[64,38],[32,41],[-41,70],[6,61],[65,45],[56,103],[56,48],[113,1],[50,35],[50,-34],[154,45],[40,29],[30,58],[28,123],[-3,36],[65,31],[22,28],[71,-34],[43,17],[23,70],[205,143],[96,9],[45,27],[72,93],[59,18],[159,151],[70,39],[133,21],[98,43],[28,29],[82,2],[101,33],[125,112],[67,0],[105,-45],[117,-16],[159,62],[38,25],[82,9],[58,31],[32,-4],[52,-49],[82,44],[98,4],[88,-15],[92,-33],[164,-116],[131,-30],[74,-48],[59,-3],[38,-31],[73,-28],[-5,-56],[16,-61],[91,3],[51,-57],[64,8],[45,31],[57,-8],[93,-35],[53,-31],[13,-78],[-35,-69],[-33,-29],[-18,-74],[57,-82],[22,-2],[38,-70],[51,-2],[70,-47],[44,5],[21,-35],[-12,-144],[23,-11],[27,-78],[-24,-83],[29,-78],[-33,-5],[-2,-34],[-32,16],[-9,-53],[-39,-56],[18,-60],[52,-108],[8,-63],[64,-25],[7,-46],[49,-121],[47,-85],[12,-60],[58,-72],[10,-84],[54,-60],[9,-34],[-20,-107],[30,-47],[46,-106],[-3,-72],[65,-16],[29,-41],[7,-72],[-18,-50],[31,-87],[14,-73],[37,-101],[-19,-75],[-55,-68],[-32,-59],[-8,-71],[-27,-8],[-4,-42],[-35,-12],[-43,-67],[-93,140],[-36,34],[-67,23],[-19,26],[-64,31],[-27,40],[-71,49],[-25,34],[-31,-37],[-63,-19],[9,-63],[-76,-26],[-52,29],[-22,-7],[-60,25],[-2,31],[-70,13],[-37,28],[-50,10],[-44,32],[-42,-76],[-2,-66],[-28,-25],[15,-79],[83,-116],[19,-61],[41,-70],[43,22],[-7,-58],[-47,-38],[-43,-12],[12,-34],[52,-57],[-70,-101],[6,-93],[20,-52],[-25,-93],[-43,-30],[-51,47],[-24,-11],[-41,-194],[-7,-67],[-20,-5],[-66,53],[-74,156],[-83,-7],[-83,27],[-30,56],[-27,-30],[-115,96],[-42,44],[-19,69],[13,122],[-24,68],[-29,24],[-10,107],[9,35],[-68,64],[-116,-34],[-60,-4],[-49,-55],[-23,-7],[-124,95],[-74,-1],[-45,24],[-78,0],[-77,18],[-54,-25],[-29,41],[-35,3],[-45,-28],[-90,-75],[-51,77],[-54,12],[-62,-13],[-108,34],[-77,50],[-92,29],[-47,93],[-6,97],[-18,4],[-45,-56],[-38,4],[-59,-34],[-54,33],[-36,0],[-65,-57],[-41,-12],[-144,-97],[-61,-11],[-61,-29],[-74,-83],[-44,-86],[-60,14],[2,-83],[-29,-67],[-91,-9],[-38,-47],[-41,-16],[-58,14],[-53,-69],[-61,-26],[-88,-8],[-71,-34],[-33,3],[-63,-31],[-82,104],[-82,55],[-34,-42],[-35,-2],[-96,54],[-45,71],[-80,60],[-190,16],[-171,-80],[-36,-6]]],"transform":{"scale":[0.00011053880148488725,0.00007594398907103788],"translate":[114.905087,28.766155]},"objects":{"json":{"type":"GeometryCollection","geometries":[{"arcs":[[0]],"type":"Polygon","properties":{"adcode":360925,"level":"district","name":"靖安县","parent":{"adcode":360900},"childrenNum":0,"center":[115.362635,28.861296],"centroid":[115.362635,28.861296]}}]}}}