{"type":"Topology","arcs":[[[4170,3894],[22,-16],[12,-82],[-11,-85],[54,-91],[29,-25],[-32,-131],[61,-212],[38,-40],[90,84],[102,25],[3,-69],[-30,-111],[8,-54],[50,0],[51,-63],[24,-103],[67,96],[44,10],[62,-36],[27,-41],[10,-70],[-37,-34],[-20,-53],[32,-87],[-15,-43],[56,-24],[8,-33],[50,-46],[93,4],[149,59],[52,-102],[46,7],[36,44],[25,-36],[3,-77],[-14,-96],[-64,-77],[-15,-59],[89,-56],[18,-58],[-28,-118],[-29,-49],[15,-68],[-39,-65],[-12,-64],[-65,-12],[-31,-72],[5,-45],[53,-66],[-20,-59],[16,-24],[-15,-78],[17,-25],[-57,-116],[40,-47],[14,-53],[-74,-126],[-77,-23],[-53,-82],[0,-49],[-44,-39],[-70,-4],[-43,-47],[-78,-21],[-63,42],[-80,-52],[-57,18],[-22,69],[-83,51],[-67,-13],[-41,12],[-29,-37],[-38,-94],[-69,-45],[-53,-63],[-32,31],[-96,-37],[-80,20],[-74,-81],[-71,20],[-99,83],[-76,-51],[-66,-156],[3,-62],[-44,-30],[-40,-108],[-76,-60],[-101,2],[-61,-40],[-66,2],[-162,-56],[-57,-66],[-21,-49],[-71,-11],[-110,96],[-152,77],[26,28],[-64,97],[-76,78],[-33,1],[-21,43],[-58,38],[-93,101],[-121,152],[-98,-20],[-52,-51],[-111,21],[-69,54],[-44,0],[-35,138],[-53,70],[-91,55],[-5,38],[-60,70],[-45,-34],[-43,18],[-25,-22],[-63,-1],[-33,-72],[-18,52],[-35,24],[13,86],[21,30],[-14,62],[26,3],[19,92],[-80,-16],[-148,77],[-49,-7],[-85,-74],[-9,-57],[-51,-36],[-92,15],[-65,-20],[-23,23],[2,57],[-36,28],[-124,31],[-47,-3],[-26,-38],[-81,-24],[-39,13],[-32,67],[12,31],[-25,66],[-69,38],[-88,102],[-63,-7],[-93,35],[-6,41],[27,67],[-22,38],[28,51],[-13,118],[32,26],[-26,48],[3,56],[-28,36],[5,52],[-45,18],[-3,60],[30,27],[-6,86],[36,69],[96,-44],[22,-56],[70,-68],[65,-12],[109,30],[62,-33],[21,10],[30,88],[63,81],[31,74],[-39,59],[0,38],[39,29],[53,-19],[50,10],[82,-17],[49,20],[83,81],[29,-19],[77,-137],[37,-7],[105,106],[68,44],[41,-19],[86,89],[47,-63],[35,50],[-23,71],[-62,59],[-156,71],[-17,49],[26,61],[-12,44],[-65,58],[-11,39],[39,40],[-3,42],[-43,71],[36,-5],[66,34],[64,60],[43,3],[75,33],[31,-45],[111,10],[19,-57],[41,-31],[109,22],[61,-14],[33,-35],[92,64],[81,-10],[59,25],[36,102],[69,-3],[12,-28],[-40,-46],[63,-12],[-5,55],[31,12],[10,-56],[118,-6],[10,22],[3,150],[52,67],[10,63],[64,46],[55,-7],[17,-32],[33,16],[33,60],[112,50],[95,-36],[70,9],[66,131],[24,28],[72,-16],[45,17],[87,119],[6,58],[49,37],[221,63],[61,-18],[53,-97],[-29,-109],[127,-65],[53,35],[94,6],[-31,-53],[2,-117],[27,-29],[76,-25],[89,8],[17,34],[101,60],[47,9]]],"transform":{"scale":[0.00018337862623994076,0.00016054853113983526],"translate":[113.17733499999999,28.422183]},"objects":{"json":{"type":"GeometryCollection","geometries":[{"arcs":[[0]],"type":"Polygon","properties":{"adcode":430626,"level":"district","name":"平江县","parent":{"adcode":430600},"childrenNum":0,"center":[113.581296,28.702018],"centroid":[113.581296,28.702018]}}]}}}