{"type":"Topology","arcs":[[[3875,2845],[-18,-144],[-58,-44],[-20,-79],[-34,-35],[38,-74],[34,-9],[146,38],[54,72],[7,-72],[48,-54],[-40,-74],[39,-27],[-6,-69],[36,-4],[5,-49],[35,-28],[57,-3],[7,-54],[64,-98],[45,-30],[41,-68],[-24,-35],[-51,4],[-46,64],[-64,-7],[2,-86],[41,-1],[87,-107],[53,12],[26,-35],[-65,-87],[4,-47],[155,-65],[120,35],[72,-24],[39,63],[29,-48],[64,-3],[21,-68],[44,6],[-24,-51],[46,-24],[31,-66],[83,-7],[-13,-46],[42,-23],[79,-120],[30,-9],[-5,-49],[158,-93],[-30,-24],[10,-76],[-34,-61],[52,-28],[17,-54],[-64,-20],[36,-53],[-43,-51],[-93,-59],[-71,-62],[-2,-23],[-95,38],[-80,-81],[-68,-10],[-48,27],[-5,35],[-139,-16],[-17,14],[-103,-91],[-47,9],[-43,-43],[40,-58],[-68,-72],[-64,-2],[-53,-55],[-68,-3],[-10,-60],[-35,15],[-40,-52],[-64,21],[-46,-26],[-112,39],[-5,52],[-38,64],[-51,0],[-26,29],[-63,15],[-67,44],[-14,90],[-72,-3],[-14,54],[-64,24],[-138,-80],[-13,-87],[-64,-44],[-41,32],[12,75],[-41,-13],[-83,64],[-53,-21],[-62,39],[-84,-32],[-158,-26],[-38,27],[-34,-33],[-27,66],[-39,-20],[-71,44],[-24,-31],[-117,-60],[-77,3],[-45,26],[-39,-45],[-177,122],[32,89],[-69,95],[6,45],[37,27],[7,71],[-119,122],[-18,70],[-90,-13],[-18,-80],[20,-9],[-53,-77],[49,-6],[-21,-29],[-49,8],[-40,-67],[-49,10],[-20,-113],[-66,-88],[-107,30],[-11,-42],[-70,-31],[47,-70],[12,-52],[-65,-24],[-46,-64],[31,-92],[-26,-78],[-51,6],[-57,-26],[-64,3],[-36,-22],[-56,-86],[-125,-23],[-39,115],[-98,62],[-105,23],[-118,-54],[-51,-36],[-81,55],[-14,73],[-82,-10],[-86,179],[-51,31],[-51,-110],[-68,60],[9,67],[-80,23],[-19,109],[8,43],[48,77],[-31,31],[-9,63],[-43,4],[-29,137],[17,118],[70,78],[63,18],[-52,50],[26,77],[59,53],[-11,54],[36,12],[15,86],[52,9],[-14,101],[45,56],[-9,66],[24,15],[-34,76],[12,62],[34,-16],[-33,70],[21,51],[50,30],[-7,46],[74,8],[40,-45],[27,77],[78,2],[-22,88],[6,78],[42,49],[91,30],[90,61],[61,116],[-18,42],[31,26],[70,-68],[69,100],[26,67],[31,17],[9,-83],[56,35],[38,-35],[58,68],[91,-59],[-6,-45],[44,-48],[12,-81],[39,-3],[72,96],[65,22],[73,-25],[15,119],[-117,120],[15,78],[40,9],[81,-64],[-2,-41],[88,-77],[-4,-70],[21,-67],[58,-7],[84,25],[45,-20],[63,37],[50,-16],[54,88],[-13,46],[152,60],[55,44],[84,-45],[27,55],[56,13],[70,80],[73,15],[-30,75],[8,49],[69,32],[61,-3],[43,-95],[25,7],[89,170],[4,121],[23,19],[128,21],[95,54],[38,-1],[43,-66],[77,-20],[31,-89],[16,-106],[82,-43],[88,47],[67,-63],[34,-79],[88,-29],[72,2],[23,-100],[95,16]]],"transform":{"scale":[0.00019536708144796318,0.00017407612559241703],"translate":[114.326943,23.668439]},"objects":{"json":{"type":"GeometryCollection","geometries":[{"arcs":[[0]],"type":"Polygon","properties":{"adcode":441625,"level":"district","name":"东源县","parent":{"adcode":441600},"childrenNum":0,"center":[114.7466,23.790079],"centroid":[114.7466,23.790079]}}]}}}