{"type":"Topology","arcs":[[[2474,904],[-6,191],[-19,59],[-51,38],[-107,2],[-45,29],[-2,46],[84,82],[-14,68],[-52,42],[-88,18],[-84,53],[-27,57],[-88,-24],[-13,22],[34,45],[-26,48],[-21,-39],[-32,10],[36,49],[-27,42],[-120,-59],[-33,1],[-8,-67],[-61,-13],[-29,37],[-22,-21],[3,-77],[-44,-52],[-5,-49],[63,-54],[32,49],[58,-31],[18,-44],[-40,-142],[34,-27],[-35,-20],[33,-39],[85,5],[9,45],[37,35],[45,10],[13,-42],[59,13],[6,-73],[-55,-60],[-129,-54],[-39,-143],[-27,-26],[-57,13],[-130,125],[-50,19],[-19,45],[-60,16],[-103,81],[-6,123],[-30,67],[7,47],[52,-4],[59,-35],[44,14],[15,39],[-36,91],[-44,-20],[-65,13],[-13,42],[41,64],[-69,61],[-41,78],[-53,28],[7,90],[-32,41],[-130,84],[-64,-23],[-49,33],[-33,-10],[-17,56],[-65,-6],[-83,88],[-49,0],[-44,32],[17,53],[-42,79],[-68,-5],[-80,21],[-51,61],[-5,73],[-68,101],[-7,42],[98,113],[-39,77],[52,64],[-50,62],[33,89],[-90,68],[35,34],[-341,193],[-51,90],[100,-66],[146,11],[158,-21],[73,-64],[48,-10],[16,53],[72,-38],[28,41],[-4,84],[25,47],[124,99],[85,7],[43,22],[59,-27],[59,15],[-2,36],[53,-7],[52,21],[27,58],[96,71],[49,68],[42,20],[73,1],[75,88],[38,-12],[15,-76],[122,-110],[6,-96],[37,-72],[11,-69],[-12,-71],[21,-58],[71,-68],[62,-27],[101,-12],[107,-27],[131,24],[73,-42],[37,0],[73,40],[135,17],[58,-36],[70,-8],[45,69],[74,13],[50,-83],[46,-24],[103,-11],[14,-27],[-25,-121],[-43,-88],[-65,-58],[-59,-26],[8,-87],[-27,-102],[-55,-10],[-27,-31],[12,-38],[54,-47],[-15,-32],[46,-60],[44,103],[110,21],[56,-26],[47,-56],[61,18],[58,78],[48,-63],[52,34],[54,-7],[141,-89],[64,-89],[-8,-95],[29,9],[55,-93],[-35,-13],[25,-64],[-38,-6],[-55,45],[-60,-110],[11,-98],[86,-114],[-6,-64],[92,-8],[30,-23],[20,-89],[35,-55],[-21,-50],[42,-46],[25,-97],[60,-60],[13,-54],[-35,-104],[-57,-43],[-4,-78],[73,-102],[85,-49],[51,-55],[92,42],[-4,42],[25,39],[126,2],[65,-61],[25,-4],[71,77],[19,-45],[76,-48],[-22,-36],[23,-123],[7,-90],[-34,21],[-37,-34],[-14,-74],[-176,54],[-95,-40],[-56,21],[-32,-63],[-81,27],[-41,45],[-31,-18],[-41,-90],[-12,-70],[-51,-43],[47,-52],[-8,-57],[-73,33],[-42,-61],[25,-38],[-31,-10],[1,-86],[-49,-4],[-19,-58],[-50,38],[-64,15],[9,121],[-85,86],[5,81],[-35,24],[-19,59],[61,55],[-50,35],[-95,-16],[-37,-35],[-9,-50],[-33,-3],[-45,54],[-74,-6],[-68,24],[-13,35],[30,117],[-55,22],[-51,-43],[8,88],[-58,19],[-114,-83],[-29,80],[11,90],[-66,28],[-156,-4],[-47,-37],[-52,34],[78,37],[-13,39]]],"transform":{"scale":[0.00009557770270270147,0.00007479533678756431],"translate":[103.90311500000001,30.676385999999997]},"objects":{"json":{"type":"GeometryCollection","geometries":[{"arcs":[[0]],"type":"Polygon","properties":{"adcode":510114,"level":"district","name":"新都区","parent":{"adcode":510100},"childrenNum":0,"center":[104.158593,30.823568],"centroid":[104.158593,30.823568]}}]}}}