{"type":"Topology","arcs":[[[1707,2935],[-135,-113],[-46,-58],[-77,2],[-21,-91],[-44,-12],[-3,96],[-97,15],[-14,28],[19,57],[-26,3],[-41,-46],[-37,-12],[-214,-6],[-46,40],[-185,12],[-65,100],[-88,19],[-57,43],[-78,16],[-69,71],[-41,-4],[-35,27],[2,64],[72,35],[23,57],[135,55],[27,50],[54,-4],[51,21],[3,40],[55,-2],[96,49],[46,89],[38,0],[31,-77],[73,-73],[88,-45],[50,-69],[154,-51],[29,-41],[79,-61],[3,-72],[46,-73],[30,2],[117,172],[51,140],[61,-9],[27,115],[64,18],[48,-89],[5,-39],[86,-72],[50,-16],[34,-32],[9,-45],[52,-54],[-15,-48],[-59,-54],[-11,-88],[-79,-5],[-38,39],[-145,9]],[[1749,2958],[-41,103],[-2,2],[-4,-4],[-6,-5],[11,-119]],[[1749,2958],[-42,-23]],[[962,2511],[-14,5]],[[948,2516],[-22,101]],[[926,2617],[35,0]],[[961,2617],[1,-106]],[[1158,2583],[-32,13],[-51,-28]],[[1075,2568],[-4,4]],[[1071,2572],[48,27],[53,-9]],[[1172,2590],[-14,-7]],[[1596,2361],[24,-44],[61,-11],[45,85],[36,-2],[61,-50],[39,-52],[80,-59],[71,6],[60,36],[-15,201],[24,129],[35,64],[75,-14],[66,-48],[37,-59],[76,-36],[-9,-83],[39,-95],[29,-142],[-3,-84],[28,-83],[-3,-54],[33,-96],[123,-17],[18,-95],[25,-20],[73,6],[89,-36],[-23,-216],[-28,-57],[25,-54],[15,-147],[-48,-86],[-24,-123],[2,-61],[-35,-69],[-67,-69],[-2,-129],[42,-45],[-15,-93],[-179,-51],[-176,-124],[32,-92],[-64,-135],[42,-47],[-2,-110],[-106,24],[-70,71],[-49,71],[4,141],[53,72],[-135,56],[-43,5],[18,66],[-43,-29],[-22,50],[-99,127],[-49,52],[-73,21],[-86,1],[-38,72],[-39,17],[-96,-50],[-112,12],[-77,-48],[-25,0],[-67,76],[-4,51],[-58,48],[-57,13],[17,56],[-60,37],[29,42],[29,80],[81,45],[42,3],[134,-39],[70,12],[-1,17],[-103,41],[6,35],[51,8],[48,100],[-43,40],[-108,25],[-4,43],[38,127],[-23,20],[-76,1],[6,61],[-118,75],[-48,13],[-49,74],[-77,79],[-40,-4],[-61,59],[-75,5],[-60,87],[-33,19],[-26,60],[-159,-8],[-54,7],[-37,-21],[-101,115],[30,51],[-34,55],[-81,-34],[-42,38],[16,52],[-26,2],[-58,-46],[25,80],[-60,18],[29,47],[-23,118],[22,67],[113,-23],[67,18],[88,-16],[49,28],[46,-38],[27,-119],[-30,-31],[-5,-68],[-33,-17],[-35,-69],[21,-24],[51,-4],[27,19],[27,112],[79,82],[22,64],[130,48],[48,-55],[67,17],[139,12]],[[948,2516],[-41,-50],[12,-88],[35,59],[-21,20],[39,25],[-10,29]],[[961,2617],[41,-10],[38,-39],[31,4]],[[1075,2568],[83,15]],[[1172,2590],[40,-90],[71,-19],[60,79],[64,-7],[-15,-75],[62,-55],[139,-57]],[[1593,2366],[-2,-3],[2,-3],[3,1]],[[1593,2366],[3,-5]]],"transform":{"scale":[0.00019282865268396856,0.00019497007829977667],"translate":[101.39493000000002,26.082396000000003]},"objects":{"json":{"type":"GeometryCollection","geometries":[{"arcs":[[[0,1]],[[2,-2]],[[3,4,5,6]],[[7,8,9,10]],[[11,-5,12,-7,13,-9,14,-11,15,16]],[[17,-17]]],"type":"MultiPolygon","properties":{"adcode":510411,"level":"district","name":"仁和区","parent":{"adcode":510400},"childrenNum":0,"center":[101.738615,26.497796],"centroid":[101.738615,26.497796]}}]}}}