{"type":"Topology","arcs":[[[3725,2337],[-27,-6],[-24,-68],[-38,-45],[59,-98],[32,-179],[-19,-36],[63,-4],[45,-31],[-29,-39],[-86,11],[5,-58],[-27,-41],[17,-66],[56,10],[58,-24],[80,18],[33,-49],[31,23],[63,-122],[53,-46],[-20,-27],[34,-45],[-5,-68],[-52,-26],[23,-39],[5,-86],[50,-30],[-35,-96],[-33,-16],[0,70],[-28,10],[-19,-55],[14,-48],[45,-42],[19,-68],[-45,-76],[-53,-34],[52,-25],[15,-40],[-38,-16],[10,-168],[-61,-91],[-104,-48],[-24,-53],[-40,1],[-80,40],[-90,-33],[8,-75],[36,-29],[-41,-38],[-44,-6],[-193,29],[-84,-77],[-73,-25],[43,-68],[-5,-47],[-130,-19],[-51,-23],[-81,93],[-81,34],[-33,34],[-45,123],[4,41],[-61,-11],[-95,31],[-5,33],[-87,80],[-135,-14],[-101,10],[13,71],[-92,29],[-36,-21],[-63,82],[-30,107],[-27,45],[-91,-2],[-72,-27],[-66,53],[-92,-2],[-45,80],[-50,2],[-54,-36],[-34,7],[0,64],[-24,77],[-41,67],[-44,28],[-6,43],[-60,67],[9,94],[-59,64],[-17,48],[20,67],[-15,65],[-53,3],[-18,28],[-140,26],[-12,-73],[-81,-120],[28,-82],[-49,-15],[-77,29],[-22,81],[-21,-7],[-38,-91],[46,-56],[-68,-59],[-121,-9],[-38,122],[-72,32],[111,39],[-55,100],[-29,102],[-49,58],[117,92],[-21,49],[-152,-32],[-25,20],[10,54],[-36,51],[-1,50],[-115,30],[15,70],[47,46],[143,62],[86,67],[-127,160],[-60,32],[-64,-71],[-48,50],[-58,-1],[0,40],[100,55],[-3,58],[31,123],[-79,88],[15,75],[-42,79],[-6,60],[47,32],[74,0],[26,21],[-28,54],[-95,25],[-33,35],[92,17],[59,-8],[6,56],[-94,38],[-125,26],[-31,-7],[-58,73],[-89,35],[-33,63],[73,92],[1,100],[-46,29],[-82,103],[13,42],[-26,70],[53,31],[1,70],[34,15],[36,98],[-62,94],[47,50],[19,64],[68,11],[0,-59],[63,-110],[39,-7],[98,47],[-7,95],[77,-24],[78,-2],[39,25],[98,-3],[-35,-99],[122,-90],[42,74],[71,19],[113,-85],[114,142],[105,13],[-3,-73],[80,-13],[58,-53],[74,-3],[12,-80],[43,14],[90,-70],[26,-2],[62,51],[-14,40],[85,16],[32,-34],[76,60],[5,60],[43,92],[6,49],[103,-33],[60,69],[59,13],[6,-33],[61,3],[6,-36],[85,-137],[42,-7],[24,-39],[-34,-62],[-40,-16],[1,-66],[-24,-6],[-19,58],[-52,-152],[57,-57],[88,-140],[200,-94],[15,52],[56,35],[40,-57],[102,-18],[29,81],[58,-24],[51,31],[13,-62],[-18,-50],[36,-66],[61,1],[20,53],[66,74],[37,-15],[142,14],[56,80],[50,-26],[32,-66],[81,-8],[1,-77],[27,-49],[-14,-69],[-27,5],[-16,-64],[-35,-21],[-46,-73],[76,8],[-59,-33],[0,-38],[-131,-69],[-54,15],[-19,-67],[44,-39],[-49,-63],[-23,-83],[-50,-82],[17,-82],[37,-3],[32,46],[77,7],[53,-44],[56,-8],[71,-53],[51,-95],[-7,-33],[36,-91],[67,10],[83,-46],[62,22],[27,-48]]],"transform":{"scale":[0.00012679658952497263,0.00011878904618240908],"translate":[105.205728,30.972583]},"objects":{"json":{"type":"GeometryCollection","geometries":[{"arcs":[[0]],"type":"Polygon","properties":{"adcode":510723,"level":"district","name":"盐亭县","parent":{"adcode":510700},"childrenNum":0,"center":[105.389453,31.208362],"centroid":[105.389453,31.208362]}}]}}}