{"type":"Topology","arcs":[[[3841,4503],[6,-171],[23,-150],[74,-90],[5,-89],[-37,-41],[-2,-72],[36,-155],[-20,-74],[22,-28],[-17,-35],[-2,-129],[19,-25],[-54,-102],[27,-44],[120,-70],[24,-35],[-5,-85],[69,-87],[-30,-43],[-6,-81],[17,-21],[-11,-80],[68,-11],[-27,-81],[12,-90],[-10,-124],[24,-39],[-42,-99],[33,-28],[98,16],[84,-59],[47,-72],[-13,-23],[34,-42],[43,48],[73,-57],[1,29],[47,12],[-36,-44],[6,-35],[58,-14],[31,-55],[-74,-8],[-48,-32],[1,-34],[-155,56],[-68,3],[-25,-46],[37,-33],[-3,-82],[-53,-23],[-121,4],[-12,53],[-67,-12],[-19,-97],[-32,-49],[-100,-28],[-97,-12],[-218,-38],[-174,-62],[-30,-192],[-15,-138],[40,-41],[-6,-64],[31,-131],[-4,-63],[-78,-59],[-6,-48],[-82,-13],[-14,-79],[62,-47],[57,-17],[13,-26],[-64,-45],[-85,39],[-91,-84],[-17,-48],[27,-61],[-23,-16],[-84,1],[12,-133],[32,-21],[-26,-109],[-65,-10],[-16,-65],[-34,-59],[-13,-59],[-74,24],[11,31],[-43,80],[16,28],[-36,50],[14,56],[-30,27],[9,36],[-36,72],[3,27],[52,52],[-42,18],[-21,75],[32,59],[-27,36],[-69,-22],[-13,-44],[-40,44],[-22,88],[50,49],[0,40],[-65,13],[-45,41],[-96,194],[-64,14],[-70,-15],[-16,69],[-145,-4],[-39,-66],[-81,0],[0,-48],[-140,-39],[-25,-52],[-94,-41],[-73,-48],[-62,26],[-87,-17],[-42,-36],[-82,44],[-66,-14],[-6,93],[-48,48],[-52,11],[-84,-12],[-75,-58],[-143,-28],[-32,18],[-13,69],[-33,81],[-82,13],[16,59],[-37,77],[-68,-8],[-90,-88],[-40,19],[-42,-46],[-64,51],[0,65],[20,91],[33,38],[0,127],[-50,-16],[-55,43],[-262,42],[-139,3],[-19,18],[17,65],[61,8],[27,39],[7,68],[28,-7],[69,132],[71,35],[11,46],[68,57],[64,25],[36,-46],[42,39],[66,23],[31,81],[139,60],[18,51],[70,17],[111,110],[-11,57],[-82,0],[-117,64],[-56,67],[55,89],[-19,42],[-54,1],[-70,34],[-11,27],[21,103],[-58,64],[1,24],[55,19],[49,-14],[68,8],[111,-69],[105,133],[-1,80],[57,-15],[83,27],[13,102],[56,-20],[-65,83],[69,145],[12,66],[28,-47],[67,-33],[-4,-30],[58,-23],[96,20],[15,33],[67,58],[20,99],[67,22],[31,52],[64,46],[-7,129],[19,34],[-32,14],[-7,57],[58,46],[-8,38],[-52,14],[-11,40],[106,11],[135,29],[15,27],[-36,98],[-27,32],[19,32],[-49,57],[4,30],[46,31],[-7,21],[48,41],[137,-42],[78,2],[57,-15],[113,-70],[94,-86],[-4,-57],[27,-14],[10,-55],[78,-58],[35,12],[70,-17],[37,21],[140,128],[4,126],[60,-44],[134,-24],[75,0],[30,77],[90,45],[85,19],[194,27],[67,30],[60,51],[143,-38],[94,-9],[63,39]]],"transform":{"scale":[0.00017223066954643554,0.0001577253380625146],"translate":[105.97874000000002,31.977119999999996]},"objects":{"json":{"type":"GeometryCollection","geometries":[{"arcs":[[0]],"type":"Polygon","properties":{"adcode":510821,"level":"district","name":"旺苍县","parent":{"adcode":510800},"childrenNum":0,"center":[106.290124,32.229074],"centroid":[106.290124,32.229074]}}]}}}