{"type":"Topology","arcs":[[[2811,3578],[3,-41]],[[2814,3537],[-375,119]],[[2439,3656],[42,29],[-1,62],[26,26]],[[2506,3773],[305,-195]],[[2814,3537],[39,-17],[13,45],[-21,20],[-34,-7]],[[2506,3773],[-20,32],[27,73],[-35,-32],[-22,28],[24,36],[-10,56],[50,62],[-12,51],[76,27],[55,-25],[55,68],[25,57],[1,44],[55,140],[64,27],[60,0],[57,-58],[-2,-37],[41,-81],[63,-67],[48,18],[17,-23],[62,-28],[35,-48],[19,-78],[30,-22],[76,32],[10,-19],[-30,-72],[48,-38],[43,-117],[11,-62],[22,-37],[20,6],[73,66],[56,28],[87,3],[67,-64],[99,-43],[10,-63],[-26,-89],[-1,-62],[59,-74],[56,-31],[59,-11],[64,-26],[26,-22],[-68,-111],[-59,-30],[-66,-9],[-20,-21],[60,-114],[66,-75],[72,-25],[48,-44],[9,-40],[-21,-53],[-104,-123],[-114,-107],[-111,-58],[-86,-64],[2,-81],[26,-13],[-4,-49],[16,-28],[69,-55],[87,7],[86,-11],[-1,-92],[17,-30],[33,-10],[4,-37],[-11,-80],[-15,-30],[-95,-66],[-32,-41],[-39,-140],[-25,-176],[7,-84],[-15,-29],[-72,-41],[-30,-45],[-29,-75],[-27,-43],[-88,-68],[-96,-44],[-6,-33],[18,-37],[-63,-24],[-10,-85],[-52,-26],[-17,-39],[-138,1],[-74,-39],[-150,28],[-15,43],[-67,27],[-116,-114],[-81,-52],[-88,-109],[-27,-86],[14,-55],[46,-98],[11,-50],[-43,-39],[-28,-57],[-70,-64],[-69,-15],[-29,-66],[-56,-16],[-61,41],[-74,-9],[-55,-62],[-65,-28],[-36,73],[12,77],[-11,26],[-30,0],[-96,150],[-66,50],[-146,14],[-207,-32],[-47,-34],[-79,-76],[-70,-12],[-164,0],[-146,39],[-47,-4],[-96,-54],[-41,-13],[-28,73],[-9,110],[-42,82],[-62,72],[-64,24],[-132,6],[-93,39],[-15,50],[68,19],[4,47],[-36,49],[1,65],[-17,69],[-13,259],[-10,68],[-27,44],[-87,42],[-39,48],[-19,63],[18,45],[41,21],[15,34],[-25,88],[-68,56],[-145,23],[20,15],[27,93],[29,32],[13,42],[52,29],[80,10],[49,44],[63,-7],[98,22],[63,31],[-6,130],[46,61],[26,12],[60,-5],[21,38],[-18,64],[-59,51],[-35,70],[-3,40],[24,55],[-24,66],[0,108],[-33,16],[-103,13],[-59,88],[-2,68],[17,28],[23,87],[-50,84],[-56,48],[-35,82],[-51,27],[-16,30],[-69,40],[-88,20],[-42,-8],[-15,57],[7,43],[73,28],[171,-61],[203,-85],[70,-23],[72,-3],[55,17],[3,24],[-41,84],[32,35],[75,15],[20,40],[7,61],[-6,156],[-21,139],[38,63],[54,34],[45,42],[76,49],[19,-16],[68,-13],[30,-51],[48,-56],[-24,-54],[32,-58],[40,-18],[10,-35],[63,-25],[17,-24],[10,-106],[52,-37],[64,33],[40,6],[73,-75],[316,-182],[166,-68],[67,-6],[12,33],[-44,31],[6,84],[40,11],[10,60],[27,-3],[44,39],[15,121],[50,-32],[17,27],[53,-62],[15,-1],[46,62],[53,-16],[71,48]]],"transform":{"scale":[0.00016702753623188546,0.0001439544940004524],"translate":[104.568103,26.046132]},"objects":{"json":{"type":"GeometryCollection","geometries":[{"arcs":[[[0,1,2,3]],[[-2,4,-4,5]]],"type":"MultiPolygon","properties":{"adcode":520204,"level":"district","name":"水城区","parent":{"adcode":520200},"childrenNum":0,"center":[104.957871,26.547604],"centroid":[104.957871,26.547604]}}]}}}