{"type":"Topology","arcs":[[[1471,4803],[35,11],[45,-43],[79,-7],[23,76],[45,-33],[121,-1],[105,-22],[155,-8],[-27,48],[17,92],[79,23],[9,74],[77,159],[22,11],[36,149],[64,-20],[59,2],[55,-40],[-12,-65],[19,-76],[56,-49],[-9,-119],[19,-67],[38,-49],[-10,-72],[11,-56],[-46,-84],[-32,-14],[42,-39],[18,-61],[40,-19],[37,-60],[-56,-55],[-33,-107],[-120,-115],[3,-56],[75,-46],[17,-89],[21,-11],[14,91],[38,30],[116,-131],[3,-86],[18,-44],[32,-11],[49,-116],[25,-118],[-46,-98],[45,-20],[11,-132],[16,-27],[-58,-99],[5,-56],[73,-37],[186,39],[23,-25],[103,-12],[279,25],[120,40],[48,26],[25,-36],[98,37],[87,10],[60,-20],[95,25],[127,-2],[60,-23],[99,-111],[37,-158],[36,-84],[-73,-9],[-91,-55],[11,-64],[-75,-25],[-64,-46],[3,-73],[-75,-65],[1,-34],[-75,-98],[-20,-87],[-62,-47],[-97,-22],[-71,-48],[-55,-70],[-94,-173],[-51,-31],[-56,-74],[-31,-13],[-48,-68],[11,-51],[-25,-69],[20,-70],[32,-36],[-32,-65],[11,-55],[-81,-115],[5,-32],[-55,-26],[-35,-138],[-62,-96],[-25,-117],[-57,-93],[-63,-8],[-80,-70],[-86,20],[-1,-33],[65,-35],[59,15],[20,61],[64,-1],[12,-41],[89,-48],[14,-21],[-17,-217],[22,-21],[13,-87],[41,-51],[12,-70],[-112,-103],[-79,-18],[-143,90],[24,-57],[-57,-7],[-37,-29],[-95,-22],[-100,19],[-48,-30],[-71,-13],[-40,18],[39,136],[-16,71],[0,156],[72,113],[-13,37],[18,44],[-20,61],[-109,74],[-54,-43],[-61,56],[1,98],[-77,0],[-27,53],[-53,17],[27,78],[-20,87],[-96,115],[-72,22],[-50,53],[-62,26],[-73,-1],[-54,74],[-48,23],[20,21],[-40,40],[-8,-31],[-46,11],[-11,104],[-87,72],[-113,12],[-93,-33],[-26,4],[-15,-51],[-44,7],[-76,-63],[-16,95],[-14,4],[-134,-53],[-33,15],[3,50],[-30,22],[10,49],[40,42],[-57,10],[-55,59],[92,34],[4,32],[-39,32],[33,45],[86,-5],[56,54],[81,33],[18,61],[67,57],[27,63],[62,44],[-3,28],[-62,-27],[-45,1],[-60,53],[41,71],[-21,43],[41,130],[-7,109],[18,73],[-45,47],[-42,1],[-150,-67],[-14,-50],[-36,-40],[-78,-8],[-129,32],[-33,50],[-79,-16],[-26,28],[-127,48],[-7,74],[-43,15],[-50,-26],[-94,2],[-16,38],[-81,44],[-72,4],[-92,50],[-64,63],[97,77],[66,13],[43,45],[45,4],[109,116],[-3,45],[-45,87],[-33,7],[2,42],[-32,12],[-52,93],[-37,12],[-76,67],[39,0],[29,45],[159,-7],[5,-18],[91,-15],[45,5],[50,-45],[29,54],[-33,32],[7,47],[46,31],[51,2],[33,-40],[21,64],[-78,52],[14,155],[52,29],[5,52],[65,-25],[47,29],[50,0],[15,-31],[82,89],[73,32],[-26,55],[-4,60],[61,28],[70,-26],[64,5],[45,33],[-20,26],[-8,106],[63,66],[49,-1],[81,56],[57,98],[47,16],[24,40],[-41,21],[-9,73],[37,16]]],"transform":{"scale":[0.0001695940073193026,0.00016597674418604647],"translate":[103.971539,24.524474]},"objects":{"json":{"type":"GeometryCollection","geometries":[{"arcs":[[0]],"type":"Polygon","properties":{"adcode":530324,"level":"district","name":"罗平县","parent":{"adcode":530300},"childrenNum":0,"center":[104.297124,24.865388],"centroid":[104.297124,24.865388]}}]}}}