{"type":"Topology","arcs":[[[3602,1443],[-19,-33],[-136,-36],[-58,-46],[-50,-78],[-46,-36],[-34,2],[-21,41],[45,77],[-3,30],[-45,42],[-112,21],[-102,68],[-44,-2],[-54,-42],[-45,29],[-44,88],[-47,20],[-121,-10],[-112,-53],[-52,-61],[-10,-130],[-23,-30],[-147,-13],[-55,-23],[-88,-133],[-97,-73],[-65,-62],[-39,-3],[-80,36],[-29,-37],[-71,18],[-75,-18],[71,-11],[91,-47],[26,-61],[58,-15],[24,-37],[-48,-36],[-42,10],[5,-43],[35,2],[63,-59],[14,-35],[-65,-7],[-18,-25],[-40,23],[14,50],[-34,43],[-75,-4],[-2,-27],[-73,-34],[-36,-38],[-25,11],[-7,-57],[-96,-8],[-100,-139],[-40,-115],[-121,-43],[-23,-62],[24,-73],[76,-96],[-31,-63],[-58,10],[-19,29],[-96,46],[-20,83],[-42,76],[-49,56],[-51,28],[-42,75],[-14,69],[-47,45],[-32,2],[-22,-39],[-48,-22],[-47,31],[-47,82],[-77,33],[-74,101],[-35,143],[-104,100],[-46,-48],[-104,8],[-60,22],[-30,105],[23,70],[74,21],[-43,23],[-97,9],[-79,53],[-14,38],[12,51],[61,34],[-76,59],[-1,35],[51,34],[-75,158],[-20,66],[20,94],[46,35],[86,-19],[44,-34],[52,-85],[40,-27],[75,2],[89,29],[-19,103],[3,141],[-23,55],[61,7],[84,-39],[37,-46],[112,-59],[32,-30],[34,28],[57,-25],[77,42],[-7,24],[52,11],[-15,35],[24,24],[50,-11],[16,-36],[78,-3],[8,35],[98,29],[14,46],[-4,72],[60,60],[-2,52],[66,82],[-29,35],[37,45],[190,25],[73,19],[18,30],[-129,78],[13,85],[-53,7],[-10,-26],[-54,48],[-32,-2],[-53,69],[64,46],[-7,22],[-63,31],[9,41],[-22,26],[-1,74],[-31,26],[-114,-26],[-39,55],[-3,62],[-71,24],[-14,51],[42,44],[109,29],[32,26],[68,-10],[111,98],[49,17],[-11,48],[-101,129],[-81,-9],[-33,36],[-11,64],[28,87],[-9,80],[-72,76],[22,31],[39,1],[4,43],[-23,49],[19,75],[38,68],[-2,96],[56,78],[-6,69],[71,-23],[96,36],[78,-10],[35,39],[76,-16],[65,-36],[-1,-106],[26,-8],[17,-118],[22,-57],[-8,-88],[33,-53],[111,23],[63,60],[21,49],[59,20],[129,-30],[111,65],[106,-18],[60,-58],[-64,-82],[-6,-34],[36,-38],[122,33],[70,-1],[39,80],[-4,36],[40,4],[141,-76],[39,31],[27,104],[-24,137],[34,71],[39,34],[59,8],[87,-51],[43,-8],[147,60],[57,-113],[53,17],[109,-62],[17,-63],[2,-121],[65,-58],[25,-41],[56,11],[34,-59],[-27,-87],[-36,-25],[61,-18],[100,-132],[34,-19],[36,-98],[13,-67],[65,-58],[4,-67],[59,-48],[99,-21],[22,-36],[-24,-40],[-82,-3],[79,-121],[4,-49],[-67,-39],[-89,-11],[-47,-34],[-33,-51],[35,-236],[52,-92],[4,-68],[-22,-44],[-15,-159],[-52,-153],[-70,-123],[17,-90],[45,-27],[26,-48],[-89,-47],[-57,-118],[-89,-44],[-59,-122]]],"transform":{"scale":[0.00023506070133010832,0.00021721526195899788],"translate":[105.225746,23.184226]},"objects":{"json":{"type":"GeometryCollection","geometries":[{"arcs":[[0]],"type":"Polygon","properties":{"adcode":532628,"level":"district","name":"富宁县","parent":{"adcode":532600},"childrenNum":0,"center":[105.630921,23.625072],"centroid":[105.630921,23.625072]}}]}}}