{"type":"Topology","arcs":[[[440,1557],[-69,71],[-47,80],[-64,46],[-41,0],[-71,33]],[[148,1787],[12,53]],[[160,1840],[65,10],[-25,20],[54,22],[35,-36],[184,-63],[50,-65],[88,-55],[63,29],[28,64],[-8,51],[50,42],[28,91],[45,-18],[-11,-33],[96,-1],[27,-82]],[[929,1816],[-32,-5],[-13,-68],[35,-8],[-9,-70],[23,36],[106,20],[29,63],[20,-23],[56,15],[0,-39],[94,10],[-16,36],[34,27],[73,-10]],[[1329,1800],[8,-103],[39,-17],[56,32],[88,-30]],[[1520,1682],[-17,-57],[-59,0],[-2,-42],[42,-62],[-243,-38],[-137,19],[-40,-20],[-4,73],[-35,-15],[-17,46],[-56,-6],[-30,48],[-68,20],[-23,-126],[-20,-21],[-45,21],[-33,-50],[-65,-19],[-37,-47],[15,-33],[118,3],[36,-11],[-12,-76],[-77,-162],[-133,-116],[-11,-38],[29,-160]],[[596,813],[-63,-15],[-60,-60],[1,-48],[-40,28],[-10,-54],[-78,-21],[-39,-37],[-83,-1],[-51,51],[-114,-17],[-59,-72],[5,106],[89,148],[85,48],[45,100],[8,50],[29,22],[8,88],[23,74],[-36,89],[4,54],[-37,40],[46,-9],[32,84],[26,29],[55,-21],[104,5],[11,41],[-57,42]],[[929,1816],[37,16],[24,63],[73,43],[13,44],[49,-6],[55,-36],[17,111],[64,36],[60,-66],[66,-147],[-20,-56],[-38,-18]],[[1865,1137],[43,0],[-4,-43],[-71,-40],[50,-26],[-27,-49],[11,-46],[-57,1],[5,-61],[34,-12],[-36,-33],[-3,44],[-99,-149],[-30,22],[-131,-50],[-48,65],[-29,-23],[17,-119],[-76,26],[-52,-76],[-78,-71],[151,-126],[109,-65],[4,-101],[136,1],[17,-49],[-65,-41],[-135,43],[-37,46],[-42,-11],[-15,-116],[-62,-48],[-132,-30],[-39,17],[-57,69],[-113,-5],[-63,27],[-36,102],[-14,147],[30,113],[-20,31],[-119,13],[-86,75],[-6,98],[-45,35],[-23,103],[-26,-12]],[[1520,1682],[55,-16],[183,-119],[5,-93],[25,-31],[16,-215],[12,-39],[49,-32]],[[440,1557],[8,-21],[-111,-8],[-71,-18],[-129,13],[-61,16],[-43,89],[2,38],[82,116],[31,5]],[[160,1840],[0,30],[-69,8],[-33,55],[7,80],[48,27],[88,79],[150,116],[37,2],[71,69],[28,-19],[60,7],[40,51],[105,14],[52,-40],[40,-61],[44,48],[5,48],[33,42],[59,18],[28,57],[128,-1],[37,-50],[34,2],[67,53],[19,-3],[111,98],[32,43],[95,78],[54,-34],[-4,-42],[110,-186],[83,-66],[-3,-64],[-59,-191],[-10,-118],[-45,-41],[-61,-24],[51,-71],[93,-24],[20,-35],[71,21],[80,-3],[113,115],[53,92],[116,-12],[14,29],[59,-19],[-98,-119],[-76,-10],[-35,-52],[-37,-5],[-43,-61],[14,-50],[34,-7],[-6,-83],[29,-50],[0,-63],[46,-57],[-15,-155],[34,-86],[-31,-66],[-34,26],[-15,-43],[-52,41],[-61,-41]]],"transform":{"scale":[0.00042327453640886715,0.00029852322556670326],"translate":[121.552917,40.648624]},"objects":{"json":{"type":"GeometryCollection","geometries":[{"arcs":[[0,1,2,3,4,5,6]],"type":"Polygon","properties":{"adcode":211103,"level":"district","name":"兴隆台区","parent":{"adcode":211100},"childrenNum":0,"center":[122.070685,41.120261],"centroid":[122.070685,41.120261]}},{"arcs":[[7,-4]],"type":"Polygon","properties":{"adcode":211102,"level":"district","name":"双台子区","parent":{"adcode":211100},"childrenNum":0,"center":[122.07597,41.212401],"centroid":[122.07597,41.212401]}},{"arcs":[[8,-6,9]],"type":"Polygon","properties":{"adcode":211104,"level":"district","name":"大洼区","parent":{"adcode":211100},"childrenNum":0,"center":[122.082227,41.002679],"centroid":[122.082227,41.002679]}},{"arcs":[[[10,-1]],[[-10,-5,-8,-3,11]]],"type":"MultiPolygon","properties":{"adcode":211122,"level":"district","name":"盘山县","parent":{"adcode":211100},"childrenNum":0,"center":[121.996408,41.243367],"centroid":[121.996408,41.243367]}}]}}}